path,slug,territory,kind,source_url,wiki_page,original_format,conversion
icons/abkhaziaball-icon-1.png,abkhazia,Abkhazia,icon,https://static.wikitide.net/polandballwiki/f/f2/Abkhazia-icon.png,https://polandball.miraheze.org/wiki/Abkhaziaball,PNG,none (saved as downloaded)
icons/abkhaziaball-icon-2.png,abkhazia,Abkhazia,icon,https://static.wikitide.net/polandballwiki/f/f1/Abkhazia%28hat%29-icon.png,https://polandball.miraheze.org/wiki/Abkhaziaball,PNG,none (saved as downloaded)
icons/afghanistanball-icon-1.png,afghanistan,Afghanistan,icon,https://static.wikitide.net/polandballwiki/5/5c/Afghanistan-icon.png,https://polandball.miraheze.org/wiki/Afghanistanball,PNG,none (saved as downloaded)
icons/afghanistanball-icon-2.png,afghanistan,Afghanistan,icon,https://static.wikitide.net/polandballwiki/9/9d/Taliban-icon.png,https://polandball.miraheze.org/wiki/Afghanistanball,PNG,none (saved as downloaded)
icons/aland-islandsball-icon-1.png,aland-islands,Åland Islands,icon,https://static.wikitide.net/polandballwiki/6/6a/%C3%85land-icon.png,https://polandball.miraheze.org/wiki/%C3%85landball,PNG,none (saved as downloaded)
icons/albaniaball-icon-1.png,albania,Albania,icon,https://static.wikitide.net/polandballwiki/4/4b/Albania-icon.png,https://polandball.miraheze.org/wiki/Albaniaball,PNG,none (saved as downloaded)
icons/albaniaball-icon-2.png,albania,Albania,icon,https://static.wikitide.net/polandballwiki/c/cd/Albania-icon_%28hat%29.png,https://polandball.miraheze.org/wiki/Albaniaball,PNG,none (saved as downloaded)
icons/algeriaball-icon-1.png,algeria,Algeria,icon,https://static.wikitide.net/polandballwiki/f/ff/Algeria-icon.png,https://polandball.miraheze.org/wiki/Algeriaball,PNG,none (saved as downloaded)
icons/algeriaball-icon-2.png,algeria,Algeria,icon,https://static.wikitide.net/polandballwiki/d/da/Algeria-icon_%28Arabic%29.png,https://polandball.miraheze.org/wiki/Algeriaball,PNG,none (saved as downloaded)
icons/american-samoaball-icon-1.png,american-samoa,American Samoa,icon,https://static.wikitide.net/polandballwiki/4/48/American_Samoa-icon.png,https://polandball.miraheze.org/wiki/American_Samoaball,PNG,none (saved as downloaded)
icons/andorraball-icon-1.png,andorra,Andorra,icon,https://static.wikitide.net/polandballwiki/d/d6/Andorra-icon.png,https://polandball.miraheze.org/wiki/Andorraball,PNG,none (saved as downloaded)
icons/andorraball-icon-2.png,andorra,Andorra,icon,https://static.wikitide.net/polandballwiki/2/28/Andorra-icon_%28hat%29.png,https://polandball.miraheze.org/wiki/Andorraball,PNG,none (saved as downloaded)
icons/angolaball-icon-1.png,angola,Angola,icon,https://static.wikitide.net/polandballwiki/5/53/Angola-icon.png,https://polandball.miraheze.org/wiki/Angolaball,PNG,none (saved as downloaded)
icons/anguillaball-icon-1.png,anguilla,Anguilla,icon,https://static.wikitide.net/polandballwiki/5/57/Anguilla-icon.png,https://polandball.miraheze.org/wiki/Anguillaball,PNG,none (saved as downloaded)
icons/antarcticaball-icon-1.png,antarctica,Antarctica,icon,https://static.wikitide.net/polandballwiki/3/38/Antarctica-icon_%28No_Goggles%29.png,https://polandball.miraheze.org/wiki/Antarcticaball,PNG,none (saved as downloaded)
icons/antarcticaball-icon-2.png,antarctica,Antarctica,icon,https://static.wikitide.net/polandballwiki/e/e5/Antarctica-icon.png,https://polandball.miraheze.org/wiki/Antarcticaball,PNG,none (saved as downloaded)
icons/antarcticaball-icon-3.png,antarctica,Antarctica,icon,https://static.wikitide.net/polandballwiki/3/3a/Antarctica-icon_%28True_South_No_Goggles%29.png,https://polandball.miraheze.org/wiki/Antarcticaball,PNG,none (saved as downloaded)
icons/antarcticaball-icon-4.png,antarctica,Antarctica,icon,https://static.wikitide.net/polandballwiki/7/71/Antarctica-icon_%28True_South%29.png,https://polandball.miraheze.org/wiki/Antarcticaball,PNG,none (saved as downloaded)
icons/antigua-and-barbudaball-icon-1.png,antigua-and-barbuda,Antigua & Barbuda,icon,https://static.wikitide.net/polandballwiki/7/74/Antigua_and_Barbuda-icon.png,https://polandball.miraheze.org/wiki/Antigua_and_Barbudaball,PNG,none (saved as downloaded)
icons/argentinaball-icon-1.png,argentina,Argentina,icon,https://static.wikitide.net/polandballwiki/b/ba/Argentina-icon.png,https://polandball.miraheze.org/wiki/Argentinaball,PNG,none (saved as downloaded)
icons/argentinaball-icon-2.png,argentina,Argentina,icon,https://static.wikitide.net/polandballwiki/1/15/Argentina-icon_%28dictatorship%29.png,https://polandball.miraheze.org/wiki/Argentinaball,PNG,none (saved as downloaded)
icons/armeniaball-icon-1.png,armenia,Armenia,icon,https://static.wikitide.net/polandballwiki/0/05/Armenia-icon.png,https://polandball.miraheze.org/wiki/Armeniaball,PNG,none (saved as downloaded)
icons/armeniaball-icon-2.png,armenia,Armenia,icon,https://static.wikitide.net/polandballwiki/2/2c/Armenia_%28tangle%29-icon_.png,https://polandball.miraheze.org/wiki/Armeniaball,PNG,none (saved as downloaded)
icons/artsakhball-icon-1.png,artsakh,Artsakh,icon,https://static.wikitide.net/polandballwiki/6/6a/Artsakh-icon.png,https://polandball.miraheze.org/wiki/Artsakhball,PNG,none (saved as downloaded)
icons/arubaball-icon-1.png,aruba,Aruba,icon,https://static.wikitide.net/polandballwiki/b/bb/Aruba-icon.png,https://polandball.miraheze.org/wiki/Arubaball,PNG,none (saved as downloaded)
icons/ascension-islandball-icon-1.png,ascension-island,Ascension Island,icon,https://static.wikitide.net/polandballwiki/0/08/Saint_Helena-icon.png,"https://polandball.miraheze.org/wiki/Saint_Helenaball,_Ascensionball_and_Tristan_da_Cunhaballs",PNG,none (saved as downloaded)
icons/australiaball-icon-1.png,australia,Australia,icon,https://static.wikitide.net/polandballwiki/8/8d/Australia-icon.png,https://polandball.miraheze.org/wiki/Australiaball,PNG,none (saved as downloaded)
icons/australiaball-icon-2.png,australia,Australia,icon,https://static.wikitide.net/polandballwiki/a/a1/Australia-icon_%28no_hat%29.png,https://polandball.miraheze.org/wiki/Australiaball,PNG,none (saved as downloaded)
icons/australiaball-icon-3.png,australia,Australia,icon,https://static.wikitide.net/polandballwiki/a/aa/Australia-icon_%28royal_colours%29.png,https://polandball.miraheze.org/wiki/Australiaball,PNG,none (saved as downloaded)
icons/australiaball-icon-4.png,australia,Australia,icon,https://static.wikitide.net/polandballwiki/d/d4/Australia-icon_%28royal_colours%2C_no_hat%29.png,https://polandball.miraheze.org/wiki/Australiaball,PNG,none (saved as downloaded)
icons/austriaball-icon-1.png,austria,Austria,icon,https://static.wikitide.net/polandballwiki/2/2a/Austria-icon.png,https://polandball.miraheze.org/wiki/Austriaball,PNG,none (saved as downloaded)
icons/austriaball-icon-2.png,austria,Austria,icon,https://static.wikitide.net/polandballwiki/6/6a/Austria-icon_%28glasses%29.png,https://polandball.miraheze.org/wiki/Austriaball,PNG,none (saved as downloaded)
icons/austriaball-icon-3.png,austria,Austria,icon,https://static.wikitide.net/polandballwiki/1/1d/Austria-icon_%28Coat_of_Arms%29.png,https://polandball.miraheze.org/wiki/Austriaball,PNG,none (saved as downloaded)
icons/azerbaijanball-icon-1.png,azerbaijan,Azerbaijan,icon,https://static.wikitide.net/polandballwiki/1/1f/Azerbaijan-icon.png,https://polandball.miraheze.org/wiki/Azerbaijanball,PNG,none (saved as downloaded)
icons/bahamasball-icon-1.png,bahamas,Bahamas,icon,https://static.wikitide.net/polandballwiki/2/29/Bahamas-icon.png,https://polandball.miraheze.org/wiki/Bahamasball,PNG,none (saved as downloaded)
icons/bahrainball-icon-1.png,bahrain,Bahrain,icon,https://static.wikitide.net/polandballwiki/c/ce/Bahrain-icon.png,https://polandball.miraheze.org/wiki/Bahrainball,PNG,none (saved as downloaded)
icons/bahrainball-icon-2.png,bahrain,Bahrain,icon,https://static.wikitide.net/polandballwiki/3/3d/Bahrain-icon_%28hat%29.png,https://polandball.miraheze.org/wiki/Bahrainball,PNG,none (saved as downloaded)
icons/bahrainball-icon-3.png,bahrain,Bahrain,icon,https://static.wikitide.net/polandballwiki/1/1d/Bahrain-icon_%281972-2002%29.png,https://polandball.miraheze.org/wiki/Bahrainball,PNG,none (saved as downloaded)
icons/bangladeshball-icon-1.png,bangladesh,Bangladesh,icon,https://static.wikitide.net/polandballwiki/1/1b/Bangladesh-icon.png,https://polandball.miraheze.org/wiki/Bangladeshball,PNG,none (saved as downloaded)
icons/bangladeshball-icon-2.png,bangladesh,Bangladesh,icon,https://static.wikitide.net/polandballwiki/0/0a/Bangladesh-icon_%28turban%29.png,https://polandball.miraheze.org/wiki/Bangladeshball,PNG,none (saved as downloaded)
icons/barbadosball-icon-1.png,barbados,Barbados,icon,https://static.wikitide.net/polandballwiki/8/82/Barbados-icon.png,https://polandball.miraheze.org/wiki/Barbadosball,PNG,none (saved as downloaded)
icons/basque-countryball-icon-1.png,basque-country,Basque Country,icon,https://static.wikitide.net/polandballwiki/f/fc/Basque-icon_%28No_hat%29.png,https://polandball.miraheze.org/wiki/Basqueball,PNG,none (saved as downloaded)
icons/basque-countryball-icon-2.png,basque-country,Basque Country,icon,https://static.wikitide.net/polandballwiki/6/6e/Basque-icon.png,https://polandball.miraheze.org/wiki/Basqueball,PNG,none (saved as downloaded)
icons/basque-countryball-icon-3.png,basque-country,Basque Country,icon,https://static.wikitide.net/polandballwiki/4/43/Euskara-UFO-icon.png,https://polandball.miraheze.org/wiki/Basqueball,PNG,none (saved as downloaded)
icons/belarusball-icon-1.png,belarus,Belarus,icon,https://static.wikitide.net/polandballwiki/7/73/Belarus-icon.png,https://polandball.miraheze.org/wiki/Belarusball,PNG,none (saved as downloaded)
icons/belarusball-icon-2.gif,belarus,Belarus,icon,https://static.wikitide.net/polandballwiki/5/5e/Belarus.gif,https://polandball.miraheze.org/wiki/Belarusball,GIF,"none (GIF kept as GIF, animation intact)"
icons/belarusball-icon-3.png,belarus,Belarus,icon,https://static.wikitide.net/polandballwiki/7/7a/Belarus-icon_%28three_eyes%29.png,https://polandball.miraheze.org/wiki/Belarusball,PNG,none (saved as downloaded)
icons/belgiumball-icon-1.png,belgium,Belgium,icon,https://static.wikitide.net/polandballwiki/a/a5/Belgium-icon.png,https://polandball.miraheze.org/wiki/Belgiumball,PNG,none (saved as downloaded)
icons/belgiumball-icon-2.gif,belgium,Belgium,icon,https://static.wikitide.net/polandballwiki/8/85/Belgian_Revolution-icon.gif,https://polandball.miraheze.org/wiki/Belgiumball,GIF,"none (GIF kept as GIF, animation intact)"
icons/belgiumball-icon-3.png,belgium,Belgium,icon,https://static.wikitide.net/polandballwiki/8/85/Belgium-icon_%28surrender%29.png,https://polandball.miraheze.org/wiki/Belgiumball,PNG,none (saved as downloaded)
icons/belizeball-icon-1.png,belize,Belize,icon,https://static.wikitide.net/polandballwiki/4/4c/Belize-icon.png,https://polandball.miraheze.org/wiki/Belizeball,PNG,none (saved as downloaded)
icons/beninball-icon-1.png,benin,Benin,icon,https://static.wikitide.net/polandballwiki/9/99/Benin-icon.png,https://polandball.miraheze.org/wiki/Beninball,PNG,none (saved as downloaded)
icons/bermudaball-icon-1.png,bermuda,Bermuda,icon,https://static.wikitide.net/polandballwiki/b/b7/Bermuda-icon.png,https://polandball.miraheze.org/wiki/Bermudatriangle,PNG,none (saved as downloaded)
icons/bhutanball-icon-1.png,bhutan,Bhutan,icon,https://static.wikitide.net/polandballwiki/8/88/Bhutan-icon.png,https://polandball.miraheze.org/wiki/Bhutanball,PNG,none (saved as downloaded)
icons/boliviaball-icon-1.png,bolivia,Bolivia,icon,https://static.wikitide.net/polandballwiki/9/90/Bolivia-icon.png,https://polandball.miraheze.org/wiki/Boliviaball,PNG,none (saved as downloaded)
icons/boliviaball-icon-2.png,bolivia,Bolivia,icon,https://static.wikitide.net/polandballwiki/5/52/Bolivia-icon_%28hat%29.png,https://polandball.miraheze.org/wiki/Boliviaball,PNG,none (saved as downloaded)
icons/boliviaball-icon-3.png,bolivia,Bolivia,icon,https://static.wikitide.net/polandballwiki/b/b2/Aymara-icon.png,https://polandball.miraheze.org/wiki/Boliviaball,PNG,none (saved as downloaded)
icons/boliviaball-icon-4.png,bolivia,Bolivia,icon,https://static.wikitide.net/polandballwiki/f/f3/Bolivia-icon_%28Coat_of_Arms%29.png,https://polandball.miraheze.org/wiki/Boliviaball,PNG,none (saved as downloaded)
icons/bonaireball-icon-1.png,bonaire,Bonaire,icon,https://static.wikitide.net/polandballwiki/f/f3/Bonaire-icon.png,https://polandball.miraheze.org/wiki/Bonaireball,PNG,none (saved as downloaded)
icons/bosnia-and-herzegovinaball-icon-1.png,bosnia-and-herzegovina,Bosnia & Herzegovina,icon,https://static.wikitide.net/polandballwiki/d/dc/Bosnia_and_Herzegovina-icon.png,https://polandball.miraheze.org/wiki/Bosnia_and_Herzegovinaball,PNG,none (saved as downloaded)
icons/bosnia-and-herzegovinaball-icon-2.png,bosnia-and-herzegovina,Bosnia & Herzegovina,icon,https://static.wikitide.net/polandballwiki/e/ea/Bosnia_and_Herzegovina-icon_%28Helikopter%29.png,https://polandball.miraheze.org/wiki/Bosnia_and_Herzegovinaball,PNG,none (saved as downloaded)
icons/bosnia-and-herzegovinaball-icon-3.png,bosnia-and-herzegovina,Bosnia & Herzegovina,icon,https://static.wikitide.net/polandballwiki/d/d6/Bosnia-icon_%28hat%29.png,https://polandball.miraheze.org/wiki/Bosnia_and_Herzegovinaball,PNG,none (saved as downloaded)
icons/botswanaball-icon-1.png,botswana,Botswana,icon,https://static.wikitide.net/polandballwiki/2/26/Botswana-icon.png,https://polandball.miraheze.org/wiki/Botswanaball,PNG,none (saved as downloaded)
icons/bougainvilleball-icon-1.png,bougainville,Bougainville,icon,https://static.wikitide.net/polandballwiki/8/84/Bougainville-icon.png,https://polandball.miraheze.org/wiki/Bougainvilleball,PNG,none (saved as downloaded)
icons/brazilball-icon-1.png,brazil,Brazil,icon,https://static.wikitide.net/polandballwiki/4/4c/Brazil-icon.png,https://polandball.miraheze.org/wiki/Brazilball,PNG,none (saved as downloaded)
icons/brazilball-icon-2.png,brazil,Brazil,icon,https://static.wikitide.net/polandballwiki/2/26/Brazil_Dictatorship-icon.png,https://polandball.miraheze.org/wiki/Brazilball,PNG,none (saved as downloaded)
icons/brazilball-icon-3.png,brazil,Brazil,icon,https://static.wikitide.net/polandballwiki/e/e1/Braziltangle-icon.png,https://polandball.miraheze.org/wiki/Brazilball,PNG,none (saved as downloaded)
icons/british-virgin-islandsball-icon-1.png,british-virgin-islands,British Virgin Islands,icon,https://static.wikitide.net/polandballwiki/1/1a/British_Virgin_Islands-icon.png,https://polandball.miraheze.org/wiki/British_Virgin_Islandsball,PNG,none (saved as downloaded)
icons/bruneiball-icon-1.png,brunei,Brunei,icon,https://static.wikitide.net/polandballwiki/2/2b/Brunei-icon.png,https://polandball.miraheze.org/wiki/Bruneiball,PNG,none (saved as downloaded)
icons/bruneiball-icon-2.png,brunei,Brunei,icon,https://static.wikitide.net/polandballwiki/f/f4/Brunei-icon_%28hat%29.png,https://polandball.miraheze.org/wiki/Bruneiball,PNG,none (saved as downloaded)
icons/bulgariaball-icon-1.png,bulgaria,Bulgaria,icon,https://static.wikitide.net/polandballwiki/9/9a/Bulgaria-icon.png,https://polandball.miraheze.org/wiki/Bulgariaball,PNG,none (saved as downloaded)
icons/burkina-fasoball-icon-1.png,burkina-faso,Burkina Faso,icon,https://static.wikitide.net/polandballwiki/a/aa/Burkina_Faso-icon.png,https://polandball.miraheze.org/wiki/Burkina_Fasoball,PNG,none (saved as downloaded)
icons/burundiball-icon-1.png,burundi,Burundi,icon,https://static.wikitide.net/polandballwiki/e/ef/Burundi-icon.png,https://polandball.miraheze.org/wiki/Burundiball,PNG,none (saved as downloaded)
icons/cambodiaball-icon-1.png,cambodia,Cambodia,icon,https://static.wikitide.net/polandballwiki/7/7a/Cambodia-icon.png,https://polandball.miraheze.org/wiki/Cambodiaball,PNG,none (saved as downloaded)
icons/cambodiaball-icon-2.png,cambodia,Cambodia,icon,https://static.wikitide.net/polandballwiki/e/ee/Cambodia-icon_%28hat%29.png,https://polandball.miraheze.org/wiki/Cambodiaball,PNG,none (saved as downloaded)
icons/cameroonball-icon-1.png,cameroon,Cameroon,icon,https://static.wikitide.net/polandballwiki/2/25/Cameroon-icon.png,https://polandball.miraheze.org/wiki/Cameroonball,PNG,none (saved as downloaded)
icons/cameroonball-icon-2.png,cameroon,Cameroon,icon,https://static.wikitide.net/polandballwiki/8/82/Meme_%28Cameroon%29-icon.png,https://polandball.miraheze.org/wiki/Cameroonball,PNG,none (saved as downloaded)
icons/canadaball-icon-1.png,canada,Canada,icon,https://static.wikitide.net/polandballwiki/c/c2/Canada-icon.png,https://polandball.miraheze.org/wiki/Canadaball,PNG,none (saved as downloaded)
icons/canadaball-icon-2.png,canada,Canada,icon,https://static.wikitide.net/polandballwiki/9/9a/Canada-icon_%28no_hat%29.png,https://polandball.miraheze.org/wiki/Canadaball,PNG,none (saved as downloaded)
icons/canadaball-icon-3.png,canada,Canada,icon,https://static.wikitide.net/polandballwiki/c/c2/Canada-icon_%28tangle%29.png,https://polandball.miraheze.org/wiki/Canadaball,PNG,none (saved as downloaded)
icons/canadaball-icon-4.png,canada,Canada,icon,https://static.wikitide.net/polandballwiki/5/5e/Canada-icon_%28soldier%29.png,https://polandball.miraheze.org/wiki/Canadaball,PNG,none (saved as downloaded)
icons/cape-verdeball-icon-1.png,cape-verde,Cape Verde,icon,https://static.wikitide.net/polandballwiki/a/a7/Cabo_Verde-icon.png,https://polandball.miraheze.org/wiki/Cabo_Verdeball,PNG,none (saved as downloaded)
icons/cataloniaball-icon-1.png,catalonia,Catalonia,icon,https://static.wikitide.net/polandballwiki/c/c8/Catalonia-icon.png,https://polandball.miraheze.org/wiki/Cataloniaball,PNG,none (saved as downloaded)
icons/cataloniaball-icon-2.png,catalonia,Catalonia,icon,https://static.wikitide.net/polandballwiki/f/f4/CatalunyaBarrettina-icon.png,https://polandball.miraheze.org/wiki/Cataloniaball,PNG,none (saved as downloaded)
icons/cayman-islandsball-icon-1.png,cayman-islands,Cayman Islands,icon,https://static.wikitide.net/polandballwiki/c/c9/Cayman_Islands-icon.png,https://polandball.miraheze.org/wiki/Cayman_Islandsball,PNG,none (saved as downloaded)
icons/central-african-republicball-icon-1.png,central-african-republic,Central African Republic,icon,https://static.wikitide.net/polandballwiki/2/21/CAR-icon.png,https://polandball.miraheze.org/wiki/Central_African_Republicball,PNG,none (saved as downloaded)
icons/central-african-republicball-icon-2.png,central-african-republic,Central African Republic,icon,https://static.wikitide.net/polandballwiki/3/36/CAR-icon_%28geography_frog%29.png,https://polandball.miraheze.org/wiki/Central_African_Republicball,PNG,none (saved as downloaded)
icons/chadball-icon-1.png,chad,Chad,icon,https://static.wikitide.net/polandballwiki/a/a6/Chad-icon.png,https://polandball.miraheze.org/wiki/Chadball,PNG,none (saved as downloaded)
icons/chadball-icon-2.png,chad,Chad,icon,https://static.wikitide.net/polandballwiki/6/65/Chad-icon_%28Arab%29.png,https://polandball.miraheze.org/wiki/Chadball,PNG,none (saved as downloaded)
icons/chadball-icon-3.png,chad,Chad,icon,https://static.wikitide.net/polandballwiki/2/2d/Gigachad-icon.png,https://polandball.miraheze.org/wiki/Chadball,PNG,none (saved as downloaded)
icons/chagos-islandsball-icon-1.png,chagos-islands,Chagos Islands,icon,https://static.wikitide.net/polandballwiki/8/85/British_Indian_Ocean_Territory-icon.png,https://polandball.miraheze.org/wiki/British_Indian_Ocean_Territoryball,PNG,none (saved as downloaded)
icons/chileball-icon-1.png,chile,Chile,icon,https://static.wikitide.net/polandballwiki/e/e4/Chile-icon.png,https://polandball.miraheze.org/wiki/Chileball,PNG,none (saved as downloaded)
icons/chileball-icon-2.png,chile,Chile,icon,https://static.wikitide.net/polandballwiki/4/4b/Chile-icon_pickelhaube.png,https://polandball.miraheze.org/wiki/Chileball,PNG,none (saved as downloaded)
icons/chileball-icon-3.png,chile,Chile,icon,https://static.wikitide.net/polandballwiki/a/a9/Chile-icon_%28worm%29.png,https://polandball.miraheze.org/wiki/Chileball,PNG,none (saved as downloaded)
icons/chileball-icon-4.gif,chile,Chile,icon,https://static.wikitide.net/polandballwiki/8/88/Chileworm.gif,https://polandball.miraheze.org/wiki/Chileball,GIF,"none (GIF kept as GIF, animation intact)"
icons/chinaball-icon-1.png,china,China,icon,https://static.wikitide.net/polandballwiki/f/fb/China-icon.png,https://polandball.miraheze.org/wiki/Chinaball,PNG,none (saved as downloaded)
icons/chinaball-icon-2.png,china,China,icon,https://static.wikitide.net/polandballwiki/a/ae/China-icon_%28hat%29.png,https://polandball.miraheze.org/wiki/Chinaball,PNG,none (saved as downloaded)
icons/chinaball-icon-3.png,china,China,icon,https://static.wikitide.net/polandballwiki/f/fc/China-icon_%28soldier%29.png,https://polandball.miraheze.org/wiki/Chinaball,PNG,none (saved as downloaded)
icons/chinaball-icon-4.png,china,China,icon,https://static.wikitide.net/polandballwiki/9/9b/China-icon_%28Wukong%29.png,https://polandball.miraheze.org/wiki/Chinaball,PNG,none (saved as downloaded)
icons/christmas-islandball-icon-1.png,christmas-island,Christmas Island  ,icon,https://static.wikitide.net/polandballwiki/5/53/Christmas_Island-icon.png,https://polandball.miraheze.org/wiki/Christmas_Islandball,PNG,none (saved as downloaded)
icons/cocos-islandsball-icon-1.png,cocos-islands,Cocos Islands,icon,https://static.wikitide.net/polandballwiki/4/4d/Cocos_Islands-icon.png,https://polandball.miraheze.org/wiki/Cocos_Islandsball,PNG,none (saved as downloaded)
icons/colombiaball-icon-1.png,colombia,Colombia,icon,https://static.wikitide.net/polandballwiki/5/5c/Colombia-icon.png,https://polandball.miraheze.org/wiki/Colombiaball,PNG,none (saved as downloaded)
icons/colombiaball-icon-2.png,colombia,Colombia,icon,https://static.wikitide.net/polandballwiki/2/26/Colombia_decorated-icon.png,https://polandball.miraheze.org/wiki/Colombiaball,PNG,none (saved as downloaded)
icons/comorosball-icon-1.png,comoros,Comoros,icon,https://static.wikitide.net/polandballwiki/2/2a/Comoros-icon.png,https://polandball.miraheze.org/wiki/Comorosball,PNG,none (saved as downloaded)
icons/congoball-icon-1.png,congo,Congo,icon,https://static.wikitide.net/polandballwiki/5/59/Congo-icon.png,https://polandball.miraheze.org/wiki/Congo-Brazzavilleball,PNG,none (saved as downloaded)
icons/congoball-icon-2.png,congo,Congo,icon,https://static.wikitide.net/polandballwiki/d/d4/Congo-icon_%28hat%29.png,https://polandball.miraheze.org/wiki/Congo-Brazzavilleball,PNG,none (saved as downloaded)
icons/cook-islandsball-icon-1.png,cook-islands,Cook Islands,icon,https://static.wikitide.net/polandballwiki/c/cd/Cook_Islands-icon.png,https://polandball.miraheze.org/wiki/Cook_Islandsball,PNG,none (saved as downloaded)
icons/cook-islandsball-icon-2.png,cook-islands,Cook Islands,icon,https://static.wikitide.net/polandballwiki/1/1c/Cook_Islands-icon_%28no_hat%29.png,https://polandball.miraheze.org/wiki/Cook_Islandsball,PNG,none (saved as downloaded)
icons/cook-islandsball-icon-3.gif,cook-islands,Cook Islands,icon,https://static.wikitide.net/polandballwiki/a/ae/Cook_Islands_Egg.gif,https://polandball.miraheze.org/wiki/Cook_Islandsball,GIF,"none (GIF kept as GIF, animation intact)"
icons/costa-ricaball-icon-1.png,costa-rica,Costa Rica,icon,https://static.wikitide.net/polandballwiki/4/40/Costa_Rica-icon.png,https://polandball.miraheze.org/wiki/Costa_Ricaball,PNG,none (saved as downloaded)
icons/costa-ricaball-icon-2.png,costa-rica,Costa Rica,icon,https://static.wikitide.net/polandballwiki/9/94/Costa_Rica-icon_%28soldier%29.png,https://polandball.miraheze.org/wiki/Costa_Ricaball,PNG,none (saved as downloaded)
icons/croatiaball-icon-1.png,croatia,Croatia,icon,https://static.wikitide.net/polandballwiki/2/25/Croatia-icon.png,https://polandball.miraheze.org/wiki/Croatiaball,PNG,none (saved as downloaded)
icons/cubaball-icon-1.png,cuba,Cuba,icon,https://static.wikitide.net/polandballwiki/d/d1/Cuba-icon.png,https://polandball.miraheze.org/wiki/Cubaball,PNG,none (saved as downloaded)
icons/cubaball-icon-2.png,cuba,Cuba,icon,https://static.wikitide.net/polandballwiki/6/6a/Cuba-icon_%28Castro%29.png,https://polandball.miraheze.org/wiki/Cubaball,PNG,none (saved as downloaded)
icons/cubaball-icon-3.png,cuba,Cuba,icon,https://static.wikitide.net/polandballwiki/c/cf/Cuba-icon_%28cube%29.png,https://polandball.miraheze.org/wiki/Cubaball,PNG,none (saved as downloaded)
icons/curacaoball-icon-1.png,curacao,Curaçao,icon,https://static.wikitide.net/polandballwiki/0/05/Cura%C3%A7ao-icon.png,https://polandball.miraheze.org/wiki/Cura%C3%A7aoball,PNG,none (saved as downloaded)
icons/cyprusball-icon-1.png,cyprus,Cyprus,icon,https://static.wikitide.net/polandballwiki/f/fc/Cyprus-icon.png,https://polandball.miraheze.org/wiki/Cyprusball,PNG,none (saved as downloaded)
icons/czechiaball-icon-1.png,czechia,Czechia,icon,https://static.wikitide.net/polandballwiki/e/ee/Czechia-icon.png,https://polandball.miraheze.org/wiki/Czechiaball,PNG,none (saved as downloaded)
icons/democratic-republic-of-the-congoball-icon-1.png,democratic-republic-of-the-congo,Democratic Republic of the Congo,icon,https://static.wikitide.net/polandballwiki/2/25/DRC-icon.png,https://polandball.miraheze.org/wiki/Democratic_Republic_of_the_Congoball,PNG,none (saved as downloaded)
icons/democratic-republic-of-the-congoball-icon-2.png,democratic-republic-of-the-congo,Democratic Republic of the Congo,icon,https://static.wikitide.net/polandballwiki/c/c2/DR_Congo-icon_%28doctor%29.png,https://polandball.miraheze.org/wiki/Democratic_Republic_of_the_Congoball,PNG,none (saved as downloaded)
icons/denmarkball-icon-1.png,denmark,Denmark,icon,https://static.wikitide.net/polandballwiki/c/cf/Denmark-icon.png,https://polandball.miraheze.org/wiki/Denmarkball,PNG,none (saved as downloaded)
icons/denmarkball-icon-2.png,denmark,Denmark,icon,https://static.wikitide.net/polandballwiki/9/98/Denmark-icon_%28LEGO%29.png,https://polandball.miraheze.org/wiki/Denmarkball,PNG,none (saved as downloaded)
icons/denmarkball-icon-3.png,denmark,Denmark,icon,https://static.wikitide.net/polandballwiki/0/08/Denmark-icon_%28helmet%29.png,https://polandball.miraheze.org/wiki/Denmarkball,PNG,none (saved as downloaded)
icons/denmarkball-icon-4.png,denmark,Denmark,icon,https://static.wikitide.net/polandballwiki/0/09/Denmark-icon_%28tangle%29.png,https://polandball.miraheze.org/wiki/Denmarkball,PNG,none (saved as downloaded)
icons/djiboutiball-icon-1.png,djibouti,Djibouti,icon,https://static.wikitide.net/polandballwiki/b/b9/Djibouti-icon.png,https://polandball.miraheze.org/wiki/Djiboutiball,PNG,none (saved as downloaded)
icons/dominicaball-icon-1.png,dominica,Dominica,icon,https://static.wikitide.net/polandballwiki/3/38/Dominica-icon.png,https://polandball.miraheze.org/wiki/Dominicaball,PNG,none (saved as downloaded)
icons/dominican-republicball-icon-1.png,dominican-republic,Dominican Republic,icon,https://static.wikitide.net/polandballwiki/a/a6/DR-icon.png,https://polandball.miraheze.org/wiki/Dominican_Republicball,PNG,none (saved as downloaded)
icons/dominican-republicball-icon-2.png,dominican-republic,Dominican Republic,icon,https://static.wikitide.net/polandballwiki/0/08/DR-icon_%28hat%29.png,https://polandball.miraheze.org/wiki/Dominican_Republicball,PNG,none (saved as downloaded)
icons/dominican-republicball-icon-3.png,dominican-republic,Dominican Republic,icon,https://static.wikitide.net/polandballwiki/1/1a/Dominican-icon_%28soldier%29.png,https://polandball.miraheze.org/wiki/Dominican_Republicball,PNG,none (saved as downloaded)
icons/dominican-republicball-icon-4.png,dominican-republic,Dominican Republic,icon,https://static.wikitide.net/polandballwiki/b/b9/DR-icon_%28tangle%29.png,https://polandball.miraheze.org/wiki/Dominican_Republicball,PNG,none (saved as downloaded)
icons/ecuadorball-icon-1.png,ecuador,Ecuador,icon,https://static.wikitide.net/polandballwiki/7/73/Ecuador-icon.png,https://polandball.miraheze.org/wiki/Ecuadorball,PNG,none (saved as downloaded)
icons/ecuadorball-icon-2.png,ecuador,Ecuador,icon,https://static.wikitide.net/polandballwiki/7/79/Ecuador-icon_%28hat%29.png,https://polandball.miraheze.org/wiki/Ecuadorball,PNG,none (saved as downloaded)
icons/egyptball-icon-1.png,egypt,Egypt,icon,https://static.wikitide.net/polandballwiki/a/a5/Egypt-icon_%28no_hat%29.png,https://polandball.miraheze.org/wiki/Egyptball,PNG,none (saved as downloaded)
icons/egyptball-icon-2.png,egypt,Egypt,icon,https://static.wikitide.net/polandballwiki/8/82/Egypt-icon.png,https://polandball.miraheze.org/wiki/Egyptball,PNG,none (saved as downloaded)
icons/egyptball-icon-3.png,egypt,Egypt,icon,https://static.wikitide.net/polandballwiki/9/9a/Egypt-icon_%28kandura%29.png,https://polandball.miraheze.org/wiki/Egyptball,PNG,none (saved as downloaded)
icons/egyptball-icon-4.png,egypt,Egypt,icon,https://static.wikitide.net/polandballwiki/f/fd/Egypt-icon_%28pharaoh_hat%29.png,https://polandball.miraheze.org/wiki/Egyptball,PNG,none (saved as downloaded)
icons/el-salvadorball-icon-1.png,el-salvador,El Salvador,icon,https://static.wikitide.net/polandballwiki/4/4b/El_Salvador-icon.png,https://polandball.miraheze.org/wiki/El_Salvadorball,PNG,none (saved as downloaded)
icons/el-salvadorball-icon-2.png,el-salvador,El Salvador,icon,https://static.wikitide.net/polandballwiki/e/ef/El_Salvador-icon_%28jail%29.png,https://polandball.miraheze.org/wiki/El_Salvadorball,PNG,none (saved as downloaded)
icons/el-salvadorball-icon-3.png,el-salvador,El Salvador,icon,https://static.wikitide.net/polandballwiki/5/50/El_Salvador-icon_%28soldier%29.png,https://polandball.miraheze.org/wiki/El_Salvadorball,PNG,none (saved as downloaded)
icons/englandball-icon-1.png,england,England,icon,https://static.wikitide.net/polandballwiki/0/04/England-icon.png,https://polandball.miraheze.org/wiki/Englandball,PNG,none (saved as downloaded)
icons/englandball-icon-2.png,england,England,icon,https://static.wikitide.net/polandballwiki/1/12/England-kingsguard.png,https://polandball.miraheze.org/wiki/Englandball,PNG,none (saved as downloaded)
icons/englandball-icon-3.png,england,England,icon,https://static.wikitide.net/polandballwiki/3/31/England-icon_%28no_hat%29.png,https://polandball.miraheze.org/wiki/Englandball,PNG,none (saved as downloaded)
icons/englandball-icon-4.png,england,England,icon,https://static.wikitide.net/polandballwiki/3/30/England-icon_%28hat%29.png,https://polandball.miraheze.org/wiki/Englandball,PNG,none (saved as downloaded)
icons/equatorial-guineaball-icon-1.png,equatorial-guinea,Equatorial Guinea,icon,https://static.wikitide.net/polandballwiki/e/e7/Equatorial_Guinea-icon.png,https://polandball.miraheze.org/wiki/Equatorial_Guineaball,PNG,none (saved as downloaded)
icons/equatorial-guineaball-icon-2.png,equatorial-guinea,Equatorial Guinea,icon,https://static.wikitide.net/polandballwiki/e/e5/Equatorial_Guinea_%28Sunglasses%29-icon.png,https://polandball.miraheze.org/wiki/Equatorial_Guineaball,PNG,none (saved as downloaded)
icons/eritreaball-icon-1.png,eritrea,Eritrea,icon,https://static.wikitide.net/polandballwiki/7/7c/Eritrea-icon.png,https://polandball.miraheze.org/wiki/Eritreaball,PNG,none (saved as downloaded)
icons/estoniaball-icon-1.png,estonia,Estonia,icon,https://static.wikitide.net/polandballwiki/d/d9/Estonia-icon.png,https://polandball.miraheze.org/wiki/Estoniaball,PNG,none (saved as downloaded)
icons/estoniaball-icon-2.png,estonia,Estonia,icon,https://static.wikitide.net/polandballwiki/9/9c/Estonia-icon_%28Nordic%29.png,https://polandball.miraheze.org/wiki/Estoniaball,PNG,none (saved as downloaded)
icons/estoniaball-icon-3.png,estonia,Estonia,icon,https://static.wikitide.net/polandballwiki/3/32/Estonia-icon_%28tangle_and_nordic%29.png,https://polandball.miraheze.org/wiki/Estoniaball,PNG,none (saved as downloaded)
icons/eswatiniball-icon-1.png,eswatini,Eswatini,icon,https://static.wikitide.net/polandballwiki/6/6f/Eswatini-icon.png,https://polandball.miraheze.org/wiki/Eswatiniball,PNG,none (saved as downloaded)
icons/ethiopiaball-icon-1.png,ethiopia,Ethiopia,icon,https://static.wikitide.net/polandballwiki/9/97/Ethiopia-icon.png,https://polandball.miraheze.org/wiki/Ethiopiaball,PNG,none (saved as downloaded)
icons/ethiopiaball-icon-2.png,ethiopia,Ethiopia,icon,https://static.wikitide.net/polandballwiki/0/05/Ethiopia_Traditional-icon.png,https://polandball.miraheze.org/wiki/Ethiopiaball,PNG,none (saved as downloaded)
icons/falkland-islandsball-icon-1.png,falkland-islands,Falkland Islands,icon,https://static.wikitide.net/polandballwiki/3/3e/Falklands-icon.png,https://polandball.miraheze.org/wiki/Falkland_Islandsball,PNG,none (saved as downloaded)
icons/faroe-islandsball-icon-1.png,faroe-islands,Faroe Islands,icon,https://static.wikitide.net/polandballwiki/2/28/Faroe-icon.png,https://polandball.miraheze.org/wiki/Faroe_Islandsball,PNG,none (saved as downloaded)
icons/fijiball-icon-1.png,fiji,Fiji,icon,https://static.wikitide.net/polandballwiki/a/ae/Fiji-icon.png,https://polandball.miraheze.org/wiki/Fijiball,PNG,none (saved as downloaded)
icons/finlandball-icon-1.png,finland,Finland,icon,https://static.wikitide.net/polandballwiki/a/ab/Finland-icon.png,https://polandball.miraheze.org/wiki/Finlandball,PNG,none (saved as downloaded)
icons/finlandball-icon-2.png,finland,Finland,icon,https://static.wikitide.net/polandballwiki/b/b0/Finland-icon_%28ushanka%29.png,https://polandball.miraheze.org/wiki/Finlandball,PNG,none (saved as downloaded)
icons/franceball-icon-1.png,france,France,icon,https://static.wikitide.net/polandballwiki/f/fc/France-icon.png,https://polandball.miraheze.org/wiki/Franceball,PNG,none (saved as downloaded)
icons/franceball-icon-2.png,france,France,icon,https://static.wikitide.net/polandballwiki/c/c3/France-icon_%28beret%29.png,https://polandball.miraheze.org/wiki/Franceball,PNG,none (saved as downloaded)
icons/franceball-icon-3.png,france,France,icon,https://static.wikitide.net/polandballwiki/e/ed/France-icon_%28hexagon%29.png,https://polandball.miraheze.org/wiki/Franceball,PNG,none (saved as downloaded)
icons/franceball-icon-4.gif,france,France,icon,https://static.wikitide.net/polandballwiki/d/d7/Vivelaspin.gif,https://polandball.miraheze.org/wiki/Franceball,GIF,"none (GIF kept as GIF, animation intact)"
icons/french-guianaball-icon-1.png,french-guiana,French Guiana,icon,https://static.wikitide.net/polandballwiki/b/bb/French_Guiana-icon.png,https://polandball.miraheze.org/wiki/French_Guianaball,PNG,none (saved as downloaded)
icons/french-guianaball-icon-2.png,french-guiana,French Guiana,icon,https://static.wikitide.net/polandballwiki/f/fc/France-icon.png,https://polandball.miraheze.org/wiki/French_Guianaball,PNG,none (saved as downloaded)
icons/gabonball-icon-1.png,gabon,Gabon,icon,https://static.wikitide.net/polandballwiki/f/fc/Gabon-icon.png,https://polandball.miraheze.org/wiki/Gabonball,PNG,none (saved as downloaded)
icons/gambiaball-icon-1.png,gambia,Gambia,icon,https://static.wikitide.net/polandballwiki/d/d4/Gambia-icon.png,https://polandball.miraheze.org/wiki/Gambiaball,PNG,none (saved as downloaded)
icons/georgiaball-icon-1.png,georgia,Georgia,icon,https://static.wikitide.net/polandballwiki/0/0f/Georgia-icon.png,https://polandball.miraheze.org/wiki/Georgiaball_(country),PNG,none (saved as downloaded)
icons/georgiaball-icon-2.png,georgia,Georgia,icon,https://static.wikitide.net/polandballwiki/1/14/Georgia%28hat%29-icon.png,https://polandball.miraheze.org/wiki/Georgiaball_(country),PNG,none (saved as downloaded)
icons/germanyball-icon-1.png,germany,Germany,icon,https://static.wikitide.net/polandballwiki/b/ba/Germany-icon.png,https://polandball.miraheze.org/wiki/Germanyball,PNG,none (saved as downloaded)
icons/germanyball-icon-2.png,germany,Germany,icon,https://static.wikitide.net/polandballwiki/9/9d/Germany-icon_%28Coat_of_Arms%29.png,https://polandball.miraheze.org/wiki/Germanyball,PNG,none (saved as downloaded)
icons/germanyball-icon-3.png,germany,Germany,icon,https://static.wikitide.net/polandballwiki/6/63/Germany-icon_%28Pickelhaube%29.png,https://polandball.miraheze.org/wiki/Germanyball,PNG,none (saved as downloaded)
icons/germanyball-icon-4.png,germany,Germany,icon,https://static.wikitide.net/polandballwiki/e/ef/Germany-icon_%28soldier%29.png,https://polandball.miraheze.org/wiki/Germanyball,PNG,none (saved as downloaded)
icons/ghanaball-icon-1.png,ghana,Ghana,icon,https://static.wikitide.net/polandballwiki/2/26/Ghana-icon.png,https://polandball.miraheze.org/wiki/Ghanaball,PNG,none (saved as downloaded)
icons/ghanaball-icon-2.png,ghana,Ghana,icon,https://static.wikitide.net/polandballwiki/0/0c/GhanaCoffinDance-icon.png,https://polandball.miraheze.org/wiki/Ghanaball,PNG,none (saved as downloaded)
icons/ghanaball-icon-3.png,ghana,Ghana,icon,https://static.wikitide.net/polandballwiki/a/a3/Ghana_Police-icon.png,https://polandball.miraheze.org/wiki/Ghanaball,PNG,none (saved as downloaded)
icons/gibraltarball-icon-1.png,gibraltar,Gibraltar,icon,https://static.wikitide.net/polandballwiki/b/b8/Gibraltar-icon.png,https://polandball.miraheze.org/wiki/Gibraltarball,PNG,none (saved as downloaded)
icons/gozoball-icon-1.png,gozo,Gozo,icon,https://static.wikitide.net/polandballwiki/8/8c/Gozo-icon.png,https://polandball.miraheze.org/wiki/Gozoball,PNG,none (saved as downloaded)
icons/greeceball-icon-1.png,greece,Greece,icon,https://static.wikitide.net/polandballwiki/e/e5/Greece-icon.png,https://polandball.miraheze.org/wiki/Greeceball,PNG,none (saved as downloaded)
icons/greeceball-icon-2.png,greece,Greece,icon,https://static.wikitide.net/polandballwiki/7/71/Greek-icon.png,https://polandball.miraheze.org/wiki/Greeceball,PNG,none (saved as downloaded)
icons/greenlandball-icon-1.png,greenland,Greenland,icon,https://static.wikitide.net/polandballwiki/b/b7/Greenland-icon.png,https://polandball.miraheze.org/wiki/Greenlandball,PNG,none (saved as downloaded)
icons/greenlandball-icon-2.png,greenland,Greenland,icon,https://static.wikitide.net/polandballwiki/0/09/Greenland-icon_%28asian_eyes%29.png,https://polandball.miraheze.org/wiki/Greenlandball,PNG,none (saved as downloaded)
icons/greenlandball-icon-3.png,greenland,Greenland,icon,https://static.wikitide.net/polandballwiki/d/d8/Kawaii-Greenland-icon.png,https://polandball.miraheze.org/wiki/Greenlandball,PNG,none (saved as downloaded)
icons/greenlandball-icon-4.png,greenland,Greenland,icon,https://static.wikitide.net/polandballwiki/c/cf/Denmark-icon.png,https://polandball.miraheze.org/wiki/Greenlandball,PNG,none (saved as downloaded)
icons/grenadaball-icon-1.png,grenada,Grenada,icon,https://static.wikitide.net/polandballwiki/3/3c/Grenada-icon.png,https://polandball.miraheze.org/wiki/Grenadaball,PNG,none (saved as downloaded)
icons/grenadaball-icon-2.png,grenada,Grenada,icon,https://static.wikitide.net/polandballwiki/3/30/Grenada-icon_%28grenade%29.png,https://polandball.miraheze.org/wiki/Grenadaball,PNG,none (saved as downloaded)
icons/guadeloupeball-icon-1.png,guadeloupe,Guadeloupe,icon,https://static.wikitide.net/polandballwiki/3/35/Guadeloupe-icon.png,https://polandball.miraheze.org/wiki/Guadeloupeball,PNG,none (saved as downloaded)
icons/guadeloupeball-icon-2.png,guadeloupe,Guadeloupe,icon,https://static.wikitide.net/polandballwiki/5/51/Guadeloupe-icon_2.png,https://polandball.miraheze.org/wiki/Guadeloupeball,PNG,none (saved as downloaded)
icons/guamball-icon-1.png,guam,Guam,icon,https://static.wikitide.net/polandballwiki/8/8b/Guam-icon.png,https://polandball.miraheze.org/wiki/Guamball,PNG,none (saved as downloaded)
icons/guatemalaball-icon-1.png,guatemala,Guatemala,icon,https://static.wikitide.net/polandballwiki/f/f4/Guatemala-icon.png,https://polandball.miraheze.org/wiki/Guatemalaball,PNG,none (saved as downloaded)
icons/guernseyball-icon-1.png,guernsey,Guernsey,icon,https://static.wikitide.net/polandballwiki/9/9c/Guernsey-icon.png,https://polandball.miraheze.org/wiki/Guernseyball,PNG,none (saved as downloaded)
icons/guinea-bissauball-icon-1.png,guinea-bissau,Guinea-Bissau,icon,https://static.wikitide.net/polandballwiki/d/d1/Guinea-Bissau-icon.png,https://polandball.miraheze.org/wiki/Guinea-Bissauball,PNG,none (saved as downloaded)
icons/guineaball-icon-1.png,guinea,Guinea,icon,https://static.wikitide.net/polandballwiki/3/3f/Guinea-icon.png,https://polandball.miraheze.org/wiki/Guineaball,PNG,none (saved as downloaded)
icons/guyanaball-icon-1.png,guyana,Guyana,icon,https://static.wikitide.net/polandballwiki/0/09/Guyana-icon.png,https://polandball.miraheze.org/wiki/Guyanaball,PNG,none (saved as downloaded)
icons/haitiball-icon-1.png,haiti,Haiti,icon,https://static.wikitide.net/polandballwiki/c/c8/Haiti-icon.png,https://polandball.miraheze.org/wiki/Haitiball,PNG,none (saved as downloaded)
icons/haitiball-icon-2.png,haiti,Haiti,icon,https://static.wikitide.net/polandballwiki/9/97/Haiti-icon_%28colony%29.png,https://polandball.miraheze.org/wiki/Haitiball,PNG,none (saved as downloaded)
icons/haitiball-icon-3.png,haiti,Haiti,icon,https://static.wikitide.net/polandballwiki/8/8c/Haiti-icon_%28bicorne%29.png,https://polandball.miraheze.org/wiki/Haitiball,PNG,none (saved as downloaded)
icons/haitiball-icon-4.png,haiti,Haiti,icon,https://static.wikitide.net/polandballwiki/8/8b/Haiti-icon_%28burning%29.png,https://polandball.miraheze.org/wiki/Haitiball,PNG,none (saved as downloaded)
icons/hawaiiball-icon-1.png,hawaii,Hawaii,icon,https://static.wikitide.net/polandballwiki/f/f7/Hawaii-icon.png,https://polandball.miraheze.org/wiki/Hawaiiball,PNG,none (saved as downloaded)
icons/hondurasball-icon-1.png,honduras,Honduras,icon,https://static.wikitide.net/polandballwiki/3/34/Honduras-icon.png,https://polandball.miraheze.org/wiki/Hondurasball,PNG,none (saved as downloaded)
icons/hondurasball-icon-2.png,honduras,Honduras,icon,https://static.wikitide.net/polandballwiki/1/1c/Honduras-icon_%28high%29.png,https://polandball.miraheze.org/wiki/Hondurasball,PNG,none (saved as downloaded)
icons/hondurasball-icon-3.png,honduras,Honduras,icon,https://static.wikitide.net/polandballwiki/c/c5/Honduras-icon_%28soldier%29.png,https://polandball.miraheze.org/wiki/Hondurasball,PNG,none (saved as downloaded)
icons/hong-kongball-icon-1.png,hong-kong,Hong Kong,icon,https://static.wikitide.net/polandballwiki/3/33/Hong_Kong-icon.png,https://polandball.miraheze.org/wiki/Hong_Kongball,PNG,none (saved as downloaded)
icons/hong-kongball-icon-2.png,hong-kong,Hong Kong,icon,https://static.wikitide.net/polandballwiki/0/0f/Hong_Kong-icon_%28big_eyes%29.png,https://polandball.miraheze.org/wiki/Hong_Kongball,PNG,none (saved as downloaded)
icons/hong-kongball-icon-3.png,hong-kong,Hong Kong,icon,https://static.wikitide.net/polandballwiki/3/34/Hong_Kong-icon_%28Top_hat%29.png,https://polandball.miraheze.org/wiki/Hong_Kongball,PNG,none (saved as downloaded)
icons/hong-kongball-icon-4.png,hong-kong,Hong Kong,icon,https://static.wikitide.net/polandballwiki/d/d6/Hong_Kong-icon_%28Top_hat%2C_big_eyes%29.png,https://polandball.miraheze.org/wiki/Hong_Kongball,PNG,none (saved as downloaded)
icons/hungaryball-icon-1.png,hungary,Hungary,icon,https://static.wikitide.net/polandballwiki/c/c4/Hungary-icon.png,https://polandball.miraheze.org/wiki/Hungaryball,PNG,none (saved as downloaded)
icons/hungaryball-icon-2.png,hungary,Hungary,icon,https://static.wikitide.net/polandballwiki/f/fa/Kingdom_of_Hungary-icon.png,https://polandball.miraheze.org/wiki/Hungaryball,PNG,none (saved as downloaded)
icons/hungaryball-icon-3.png,hungary,Hungary,icon,https://static.wikitide.net/polandballwiki/1/15/Hungary-icon_%28hussar_hat%29.png,https://polandball.miraheze.org/wiki/Hungaryball,PNG,none (saved as downloaded)
icons/icelandball-icon-1.png,iceland,Iceland,icon,https://static.wikitide.net/polandballwiki/1/15/Iceland-icon.png,https://polandball.miraheze.org/wiki/Icelandball,PNG,none (saved as downloaded)
icons/indiaball-icon-1.png,india,India,icon,https://static.wikitide.net/polandballwiki/a/ae/India-icon.png,https://polandball.miraheze.org/wiki/Indiaball,PNG,none (saved as downloaded)
icons/indiaball-icon-2.png,india,India,icon,https://static.wikitide.net/polandballwiki/c/c6/India-icon_%28hat%29.png,https://polandball.miraheze.org/wiki/Indiaball,PNG,none (saved as downloaded)
icons/indiaball-icon-3.png,india,India,icon,https://static.wikitide.net/polandballwiki/b/bd/India-icon_%28tangle%29.png,https://polandball.miraheze.org/wiki/Indiaball,PNG,none (saved as downloaded)
icons/indonesiaball-icon-1.png,indonesia,Indonesia,icon,https://static.wikitide.net/polandballwiki/3/3f/Indonesia-icon.png,https://polandball.miraheze.org/wiki/Indonesiaball,PNG,none (saved as downloaded)
icons/indonesiaball-icon-2.png,indonesia,Indonesia,icon,https://static.wikitide.net/polandballwiki/9/98/Indonesia-icon_%28Asian_eyes%29.png,https://polandball.miraheze.org/wiki/Indonesiaball,PNG,none (saved as downloaded)
icons/indonesiaball-icon-3.png,indonesia,Indonesia,icon,https://static.wikitide.net/polandballwiki/d/d3/Indonesia-icon_Songkok.png,https://polandball.miraheze.org/wiki/Indonesiaball,PNG,none (saved as downloaded)
icons/indonesiaball-icon-4.png,indonesia,Indonesia,icon,https://static.wikitide.net/polandballwiki/3/38/Indonesia-icon_%28slave%29.png,https://polandball.miraheze.org/wiki/Indonesiaball,PNG,none (saved as downloaded)
icons/iranball-icon-1.png,iran,Iran,icon,https://static.wikitide.net/polandballwiki/f/fc/Iran-icon.png,https://polandball.miraheze.org/wiki/Iranball,PNG,none (saved as downloaded)
icons/iranball-icon-2.png,iran,Iran,icon,https://static.wikitide.net/polandballwiki/4/49/Iran-icon_%28hat%29.png,https://polandball.miraheze.org/wiki/Iranball,PNG,none (saved as downloaded)
icons/iraqball-icon-1.png,iraq,Iraq,icon,https://static.wikitide.net/polandballwiki/2/23/Iraq-icon.png,https://polandball.miraheze.org/wiki/Iraqball,PNG,none (saved as downloaded)
icons/iraqball-icon-2.png,iraq,Iraq,icon,https://static.wikitide.net/polandballwiki/f/fc/Iraq-icon_%28hat%29.png,https://polandball.miraheze.org/wiki/Iraqball,PNG,none (saved as downloaded)
icons/irelandball-icon-1.png,ireland,Ireland,icon,https://static.wikitide.net/polandballwiki/d/d7/Ireland-icon.png,https://polandball.miraheze.org/wiki/Irelandball,PNG,none (saved as downloaded)
icons/irelandball-icon-2.png,ireland,Ireland,icon,https://static.wikitide.net/polandballwiki/0/01/Ireland-icon_%28St._Patrick%29.png,https://polandball.miraheze.org/wiki/Irelandball,PNG,none (saved as downloaded)
icons/irelandball-icon-3.gif,ireland,Ireland,icon,https://static.wikitide.net/polandballwiki/b/bf/Ireland_Leprechaun.gif,https://polandball.miraheze.org/wiki/Irelandball,GIF,"none (GIF kept as GIF, animation intact)"
icons/irelandball-icon-4.png,ireland,Ireland,icon,https://static.wikitide.net/polandballwiki/9/92/Ireland%28tangle%29-icon.png,https://polandball.miraheze.org/wiki/Irelandball,PNG,none (saved as downloaded)
icons/isle-of-manball-icon-1.png,isle-of-man,Isle of Man,icon,https://static.wikitide.net/polandballwiki/c/c5/Isle_of_Man-icon.png,https://polandball.miraheze.org/wiki/Isle_of_Manball,PNG,none (saved as downloaded)
icons/israelball-icon-1.png,israel,Israel,icon,https://static.wikitide.net/polandballwiki/4/48/Israel-icon.png,https://polandball.miraheze.org/wiki/Israelcube,PNG,none (saved as downloaded)
icons/israelball-icon-2.png,israel,Israel,icon,https://static.wikitide.net/polandballwiki/8/83/Israel-icon_%28tesseract%29.png,https://polandball.miraheze.org/wiki/Israelcube,PNG,none (saved as downloaded)
icons/israelball-icon-3.png,israel,Israel,icon,https://static.wikitide.net/polandballwiki/2/23/Israel-icon_%28prism%29.png,https://polandball.miraheze.org/wiki/Israelcube,PNG,none (saved as downloaded)
icons/israelball-icon-4.gif,israel,Israel,icon,https://static.wikitide.net/polandballwiki/2/25/IsraelSpin-icon.gif,https://polandball.miraheze.org/wiki/Israelcube,GIF,"none (GIF kept as GIF, animation intact)"
icons/italyball-icon-1.png,italy,Italy,icon,https://static.wikitide.net/polandballwiki/7/7d/Italy-icon.png,https://polandball.miraheze.org/wiki/Italyball,PNG,none (saved as downloaded)
icons/italyball-icon-2.png,italy,Italy,icon,https://static.wikitide.net/polandballwiki/7/78/Italy-icon_%28with_mustache%29.png,https://polandball.miraheze.org/wiki/Italyball,PNG,none (saved as downloaded)
icons/italyball-icon-3.png,italy,Italy,icon,https://static.wikitide.net/polandballwiki/9/9a/Italian-icon.png,https://polandball.miraheze.org/wiki/Italyball,PNG,none (saved as downloaded)
icons/italyball-icon-4.png,italy,Italy,icon,https://static.wikitide.net/polandballwiki/a/a6/Italy-icon_%28boot%29.png,https://polandball.miraheze.org/wiki/Italyball,PNG,none (saved as downloaded)
icons/ivory-coastball-icon-1.png,ivory-coast,Ivory Coast,icon,https://static.wikitide.net/polandballwiki/e/e7/C%C3%B4te_d%27Ivoire-icon.png,https://polandball.miraheze.org/wiki/Ivory_Coastball,PNG,none (saved as downloaded)
icons/jamaicaball-icon-1.png,jamaica,Jamaica,icon,https://static.wikitide.net/polandballwiki/4/4a/Jamaica-icon.png,https://polandball.miraheze.org/wiki/Jamaicaball,PNG,none (saved as downloaded)
icons/jamaicaball-icon-2.png,jamaica,Jamaica,icon,https://static.wikitide.net/polandballwiki/6/6a/Jamaica-icon_%28high%29.png,https://polandball.miraheze.org/wiki/Jamaicaball,PNG,none (saved as downloaded)
icons/japanball-icon-1.png,japan,Japan,icon,https://static.wikitide.net/polandballwiki/e/e3/Japan-icon.png,https://polandball.miraheze.org/wiki/Japanball,PNG,none (saved as downloaded)
icons/japanball-icon-2.png,japan,Japan,icon,https://static.wikitide.net/polandballwiki/3/3a/Japan-icon_%28open_eyes%29.png,https://polandball.miraheze.org/wiki/Japanball,PNG,none (saved as downloaded)
icons/japanball-icon-3.png,japan,Japan,icon,https://static.wikitide.net/polandballwiki/4/42/Japan-icon_%28soldier%29.png,https://polandball.miraheze.org/wiki/Japanball,PNG,none (saved as downloaded)
icons/japanball-icon-4.png,japan,Japan,icon,https://static.wikitide.net/polandballwiki/1/1e/Japan-icon_%28cat%29.png,https://polandball.miraheze.org/wiki/Japanball,PNG,none (saved as downloaded)
icons/jerseyball-icon-1.png,jersey,Jersey,icon,https://static.wikitide.net/polandballwiki/3/31/Jersey-icon.png,https://polandball.miraheze.org/wiki/Jerseyball,PNG,none (saved as downloaded)
icons/jordanball-icon-1.png,jordan,Jordan,icon,https://static.wikitide.net/polandballwiki/0/0d/Jordan-icon.png,https://polandball.miraheze.org/wiki/Jordanball,PNG,none (saved as downloaded)
icons/jordanball-icon-2.png,jordan,Jordan,icon,https://static.wikitide.net/polandballwiki/1/10/Jordan-icon_%28no_sunglasses%29.png,https://polandball.miraheze.org/wiki/Jordanball,PNG,none (saved as downloaded)
icons/jordanball-icon-3.png,jordan,Jordan,icon,https://static.wikitide.net/polandballwiki/d/df/Jordan-icon_%28no_hat_and_no_sunglasses%29.png,https://polandball.miraheze.org/wiki/Jordanball,PNG,none (saved as downloaded)
icons/kazakhstanball-icon-1.png,kazakhstan,Kazakhstan,icon,https://static.wikitide.net/polandballwiki/1/1f/Kazakhstan-icon.png,https://polandball.miraheze.org/wiki/Kazakhstanbrick,PNG,none (saved as downloaded)
icons/kazakhstanball-icon-2.png,kazakhstan,Kazakhstan,icon,https://static.wikitide.net/polandballwiki/f/f5/Kazakh-icon_%28hat%29.png,https://polandball.miraheze.org/wiki/Kazakhstanbrick,PNG,none (saved as downloaded)
icons/kenyaball-icon-1.png,kenya,Kenya,icon,https://static.wikitide.net/polandballwiki/3/37/Kenya-icon.png,https://polandball.miraheze.org/wiki/Kenyaball,PNG,none (saved as downloaded)
icons/kiribatiball-icon-1.png,kiribati,Kiribati,icon,https://static.wikitide.net/polandballwiki/f/f4/Kiribati-icon.png,https://polandball.miraheze.org/wiki/Kiribatiball,PNG,none (saved as downloaded)
icons/kosovoball-icon-1.png,kosovo,Kosovo,icon,https://static.wikitide.net/polandballwiki/4/4c/Kosovo-icon.png,https://polandball.miraheze.org/wiki/Kosovoball,PNG,none (saved as downloaded)
icons/kosovoball-icon-2.png,kosovo,Kosovo,icon,https://static.wikitide.net/polandballwiki/c/ca/Kosovo-icon_%28hat%29.png,https://polandball.miraheze.org/wiki/Kosovoball,PNG,none (saved as downloaded)
icons/kurdistanball-icon-1.png,kurdistan,Kurdistan,icon,https://static.wikitide.net/polandballwiki/7/79/Kurdistan-icon.png,https://polandball.miraheze.org/wiki/Kurdistanball,PNG,none (saved as downloaded)
icons/kuwaitball-icon-1.png,kuwait,Kuwait,icon,https://static.wikitide.net/polandballwiki/c/cd/Kuwait-icon.png,https://polandball.miraheze.org/wiki/Kuwaitball,PNG,none (saved as downloaded)
icons/kuwaitball-icon-2.png,kuwait,Kuwait,icon,https://static.wikitide.net/polandballwiki/d/d5/Kuwait-icon_%28hat%29.png,https://polandball.miraheze.org/wiki/Kuwaitball,PNG,none (saved as downloaded)
icons/kyrgyzstanball-icon-1.png,kyrgyzstan,Kyrgyzstan,icon,https://static.wikitide.net/polandballwiki/a/ac/Kyrgyzstan-icon.png,https://polandball.miraheze.org/wiki/Kyrgyzstanball,PNG,none (saved as downloaded)
icons/kyrgyzstanball-icon-2.png,kyrgyzstan,Kyrgyzstan,icon,https://static.wikitide.net/polandballwiki/6/65/Kyrgyz%28Ak-kalpak%29-icon.png,https://polandball.miraheze.org/wiki/Kyrgyzstanball,PNG,none (saved as downloaded)
icons/laosball-icon-1.png,laos,Laos,icon,https://static.wikitide.net/polandballwiki/b/b7/Laos-icon.png,https://polandball.miraheze.org/wiki/Laosball,PNG,none (saved as downloaded)
icons/laosball-icon-2.png,laos,Laos,icon,https://static.wikitide.net/polandballwiki/e/e2/Laos-icon_%28hat%29.png,https://polandball.miraheze.org/wiki/Laosball,PNG,none (saved as downloaded)
icons/latviaball-icon-1.png,latvia,Latvia,icon,https://static.wikitide.net/polandballwiki/9/9d/Latvia-icon.png,https://polandball.miraheze.org/wiki/Latviaball,PNG,none (saved as downloaded)
icons/latviaball-icon-2.png,latvia,Latvia,icon,https://static.wikitide.net/polandballwiki/c/c2/Latvia_Potato-icon.png,https://polandball.miraheze.org/wiki/Latviaball,PNG,none (saved as downloaded)
icons/lebanonball-icon-1.png,lebanon,Lebanon,icon,https://static.wikitide.net/polandballwiki/6/6f/Lebanon-icon.png,https://polandball.miraheze.org/wiki/Lebanonball,PNG,none (saved as downloaded)
icons/lebanonball-icon-2.png,lebanon,Lebanon,icon,https://static.wikitide.net/polandballwiki/7/79/Lebanon-icon_%28Fez%29.png,https://polandball.miraheze.org/wiki/Lebanonball,PNG,none (saved as downloaded)
icons/lebanonball-icon-3.png,lebanon,Lebanon,icon,https://static.wikitide.net/polandballwiki/1/17/Lebanon-icon_%28Arab_Hat%29.png,https://polandball.miraheze.org/wiki/Lebanonball,PNG,none (saved as downloaded)
icons/lesothoball-icon-1.png,lesotho,Lesotho,icon,https://static.wikitide.net/polandballwiki/9/9c/Lesotho-icon.png,https://polandball.miraheze.org/wiki/Lesothoball,PNG,none (saved as downloaded)
icons/liberiaball-icon-1.png,liberia,Liberia,icon,https://static.wikitide.net/polandballwiki/e/ef/Liberia-icon.png,https://polandball.miraheze.org/wiki/Liberiaball,PNG,none (saved as downloaded)
icons/libyaball-icon-1.png,libya,Libya,icon,https://static.wikitide.net/polandballwiki/c/ce/Libya-icon.png,https://polandball.miraheze.org/wiki/Libyaball,PNG,none (saved as downloaded)
icons/libyaball-icon-2.png,libya,Libya,icon,https://static.wikitide.net/polandballwiki/2/28/Libya-icon_%28Arabic%29.png,https://polandball.miraheze.org/wiki/Libyaball,PNG,none (saved as downloaded)
icons/liechtensteinball-icon-1.png,liechtenstein,Liechtenstein,icon,https://static.wikitide.net/polandballwiki/7/79/Liechtenstein-icon.png,https://polandball.miraheze.org/wiki/Liechtensteinball,PNG,none (saved as downloaded)
icons/liechtensteinball-icon-2.png,liechtenstein,Liechtenstein,icon,https://static.wikitide.net/polandballwiki/5/59/Liechtenstein-icon_%28Crown%29.png,https://polandball.miraheze.org/wiki/Liechtensteinball,PNG,none (saved as downloaded)
icons/lithuaniaball-icon-1.png,lithuania,Lithuania,icon,https://static.wikitide.net/polandballwiki/0/03/Lithuania-icon.png,https://polandball.miraheze.org/wiki/Lithuaniaball,PNG,none (saved as downloaded)
icons/luxembourgball-icon-1.png,luxembourg,Luxembourg,icon,https://static.wikitide.net/polandballwiki/f/f2/Luxembourg-icon.png,https://polandball.miraheze.org/wiki/Luxembourgball,PNG,none (saved as downloaded)
icons/macauball-icon-1.png,macau,Macau,icon,https://static.wikitide.net/polandballwiki/6/68/Macau-icon.png,https://polandball.miraheze.org/wiki/Macauball,PNG,none (saved as downloaded)
icons/macauball-icon-2.png,macau,Macau,icon,https://static.wikitide.net/polandballwiki/b/b9/Macau-icon_%28big_eyes%29.png,https://polandball.miraheze.org/wiki/Macauball,PNG,none (saved as downloaded)
icons/madagascarball-icon-1.png,madagascar,Madagascar,icon,https://static.wikitide.net/polandballwiki/3/3b/Madagascar-icon.png,https://polandball.miraheze.org/wiki/Madagascarball,PNG,none (saved as downloaded)
icons/malawiball-icon-1.png,malawi,Malawi,icon,https://static.wikitide.net/polandballwiki/b/ba/Malawi-icon.png,https://polandball.miraheze.org/wiki/Malawiball,PNG,none (saved as downloaded)
icons/malaysiaball-icon-1.png,malaysia,Malaysia,icon,https://static.wikitide.net/polandballwiki/a/ac/Malaysia-icon.png,https://polandball.miraheze.org/wiki/Malaysiaball,PNG,none (saved as downloaded)
icons/malaysiaball-icon-2.png,malaysia,Malaysia,icon,https://static.wikitide.net/polandballwiki/5/58/Malaysia-icon_%28hat%29.png,https://polandball.miraheze.org/wiki/Malaysiaball,PNG,none (saved as downloaded)
icons/malaysiaball-icon-3.png,malaysia,Malaysia,icon,https://static.wikitide.net/polandballwiki/e/e4/Malaysia-icon_%28songkok%29.png,https://polandball.miraheze.org/wiki/Malaysiaball,PNG,none (saved as downloaded)
icons/malaysiaball-icon-4.png,malaysia,Malaysia,icon,https://static.wikitide.net/polandballwiki/5/55/Malaysia-icon_%28tangle%29.png,https://polandball.miraheze.org/wiki/Malaysiaball,PNG,none (saved as downloaded)
icons/maldivesball-icon-1.png,maldives,Maldives,icon,https://static.wikitide.net/polandballwiki/b/b3/Maldives-icon.png,https://polandball.miraheze.org/wiki/Maldivesball,PNG,none (saved as downloaded)
icons/maliball-icon-1.png,mali,Mali,icon,https://static.wikitide.net/polandballwiki/a/a1/Mali-icon.png,https://polandball.miraheze.org/wiki/Maliball,PNG,none (saved as downloaded)
icons/maltaball-icon-1.png,malta,Malta,icon,https://static.wikitide.net/polandballwiki/2/20/Malta-icon.png,https://polandball.miraheze.org/wiki/Maltaball,PNG,none (saved as downloaded)
icons/marshall-islandsball-icon-1.png,marshall-islands,Marshall Islands,icon,https://static.wikitide.net/polandballwiki/c/c5/Marshall_Islands-icon.png,https://polandball.miraheze.org/wiki/Marshall_Islandsball,PNG,none (saved as downloaded)
icons/martiniqueball-icon-1.png,martinique,Martinique,icon,https://static.wikitide.net/polandballwiki/5/55/Martinique-icon.png,https://polandball.miraheze.org/wiki/Martiniqueball,PNG,none (saved as downloaded)
icons/mauritaniaball-icon-1.png,mauritania,Mauritania,icon,https://static.wikitide.net/polandballwiki/5/59/Mauritania-icon.png,https://polandball.miraheze.org/wiki/Mauritaniaball,PNG,none (saved as downloaded)
icons/mauritaniaball-icon-2.png,mauritania,Mauritania,icon,https://static.wikitide.net/polandballwiki/d/d9/Mauritania-icon_%28hat%29.png,https://polandball.miraheze.org/wiki/Mauritaniaball,PNG,none (saved as downloaded)
icons/mauritaniaball-icon-3.png,mauritania,Mauritania,icon,https://static.wikitide.net/polandballwiki/0/07/Mauritania-icon_%28tangle%29.png,https://polandball.miraheze.org/wiki/Mauritaniaball,PNG,none (saved as downloaded)
icons/mauritiusball-icon-1.png,mauritius,Mauritius,icon,https://static.wikitide.net/polandballwiki/3/3f/Mauritius-icon.png,https://polandball.miraheze.org/wiki/Mauritiusball,PNG,none (saved as downloaded)
icons/mayotteball-icon-1.png,mayotte,Mayotte,icon,https://static.wikitide.net/polandballwiki/e/e5/Mayotte-icon.png,https://polandball.miraheze.org/wiki/Mayotteball,PNG,none (saved as downloaded)
icons/mexicoball-icon-1.png,mexico,Mexico,icon,https://static.wikitide.net/polandballwiki/a/a3/Mexico-icon.png,https://polandball.miraheze.org/wiki/Mexicoball,PNG,none (saved as downloaded)
icons/mexicoball-icon-2.png,mexico,Mexico,icon,https://static.wikitide.net/polandballwiki/0/0b/Mexico-icon_%28No_Hat%29.png,https://polandball.miraheze.org/wiki/Mexicoball,PNG,none (saved as downloaded)
icons/mexicoball-icon-3.png,mexico,Mexico,icon,https://static.wikitide.net/polandballwiki/f/fc/Mexico-icon_%28soldier%29.png,https://polandball.miraheze.org/wiki/Mexicoball,PNG,none (saved as downloaded)
icons/mexicoball-icon-4.png,mexico,Mexico,icon,https://static.wikitide.net/polandballwiki/3/3a/Mexico-icon_%28modern_soldier%29.png,https://polandball.miraheze.org/wiki/Mexicoball,PNG,none (saved as downloaded)
icons/micronesiaball-icon-1.png,micronesia,Micronesia,icon,https://static.wikitide.net/polandballwiki/0/0a/Micronesia-icon.png,https://polandball.miraheze.org/wiki/Micronesiaball,PNG,none (saved as downloaded)
icons/moldovaball-icon-1.png,moldova,Moldova,icon,https://static.wikitide.net/polandballwiki/7/79/Moldova-icon.png,https://polandball.miraheze.org/wiki/Moldovaball,PNG,none (saved as downloaded)
icons/monacoball-icon-1.png,monaco,Monaco,icon,https://static.wikitide.net/polandballwiki/c/ca/Monaco-icon_%28no_glasses%29.png,https://polandball.miraheze.org/wiki/Monacoball,PNG,none (saved as downloaded)
icons/monacoball-icon-2.png,monaco,Monaco,icon,https://static.wikitide.net/polandballwiki/9/99/Monaco-icon.png,https://polandball.miraheze.org/wiki/Monacoball,PNG,none (saved as downloaded)
icons/monacoball-icon-3.gif,monaco,Monaco,icon,https://static.wikitide.net/polandballwiki/9/97/Monacospin-icon_%28no_glasses%29.gif,https://polandball.miraheze.org/wiki/Monacoball,GIF,"none (GIF kept as GIF, animation intact)"
icons/mongoliaball-icon-1.png,mongolia,Mongolia,icon,https://static.wikitide.net/polandballwiki/2/28/Mongolia-icon.png,https://polandball.miraheze.org/wiki/Mongoliaball,PNG,none (saved as downloaded)
icons/mongoliaball-icon-2.png,mongolia,Mongolia,icon,https://static.wikitide.net/polandballwiki/9/9e/Mongolia_%28hat%29-icon.png,https://polandball.miraheze.org/wiki/Mongoliaball,PNG,none (saved as downloaded)
icons/mongoliaball-icon-3.png,mongolia,Mongolia,icon,https://static.wikitide.net/polandballwiki/b/b7/Mongolia-icon_%28hat%29.png,https://polandball.miraheze.org/wiki/Mongoliaball,PNG,none (saved as downloaded)
icons/montenegroball-icon-1.png,montenegro,Montenegro,icon,https://static.wikitide.net/polandballwiki/f/f4/Montenegro-icon.png,https://polandball.miraheze.org/wiki/Montenegroball,PNG,none (saved as downloaded)
icons/montenegroball-icon-2.png,montenegro,Montenegro,icon,https://static.wikitide.net/polandballwiki/a/a9/Montenegro-icon_%28lazy%29.png,https://polandball.miraheze.org/wiki/Montenegroball,PNG,none (saved as downloaded)
icons/montserratball-icon-1.png,montserrat,Montserrat,icon,https://static.wikitide.net/polandballwiki/2/23/Montserrat-icon.png,https://polandball.miraheze.org/wiki/Montserratball,PNG,none (saved as downloaded)
icons/moroccoball-icon-1.png,morocco,Morocco,icon,https://static.wikitide.net/polandballwiki/c/c2/Morocco-icon.png,https://polandball.miraheze.org/wiki/Moroccoball,PNG,none (saved as downloaded)
icons/moroccoball-icon-2.png,morocco,Morocco,icon,https://static.wikitide.net/polandballwiki/b/b7/Morocco%28Arab_hat%29-icon.png,https://polandball.miraheze.org/wiki/Moroccoball,PNG,none (saved as downloaded)
icons/moroccoball-icon-3.png,morocco,Morocco,icon,https://static.wikitide.net/polandballwiki/5/52/Morocco-icon_%28no_hat%29.png,https://polandball.miraheze.org/wiki/Moroccoball,PNG,none (saved as downloaded)
icons/moroccoball-icon-4.gif,morocco,Morocco,icon,https://static.wikitide.net/polandballwiki/6/68/Moroccotangle-icon.gif,https://polandball.miraheze.org/wiki/Moroccoball,GIF,"none (GIF kept as GIF, animation intact)"
icons/mozambiqueball-icon-1.png,mozambique,Mozambique,icon,https://static.wikitide.net/polandballwiki/d/d6/Mozambique-icon.png,https://polandball.miraheze.org/wiki/Mozambiqueball,PNG,none (saved as downloaded)
icons/myanmarball-icon-1.png,myanmar,Myanmar,icon,https://static.wikitide.net/polandballwiki/6/6e/Myanmar-icon.png,https://polandball.miraheze.org/wiki/Myanmarball,PNG,none (saved as downloaded)
icons/myanmarball-icon-2.png,myanmar,Myanmar,icon,https://static.wikitide.net/polandballwiki/d/de/Myanmar-icon_%28hat%29.png,https://polandball.miraheze.org/wiki/Myanmarball,PNG,none (saved as downloaded)
icons/namibiaball-icon-1.png,namibia,Namibia,icon,https://static.wikitide.net/polandballwiki/9/99/Namibia-icon.png,https://polandball.miraheze.org/wiki/Namibiaball,PNG,none (saved as downloaded)
icons/nauruball-icon-1.png,nauru,Nauru,icon,https://static.wikitide.net/polandballwiki/0/0e/Nauru-icon.png,https://polandball.miraheze.org/wiki/Nauruball,PNG,none (saved as downloaded)
icons/nepalball-icon-1.png,nepal,Nepal,icon,https://static.wikitide.net/polandballwiki/f/f7/Nepal-icon.png,https://polandball.miraheze.org/wiki/Nepalrawr,PNG,none (saved as downloaded)
icons/netherlandsball-icon-1.png,netherlands,Netherlands,icon,https://static.wikitide.net/polandballwiki/4/45/Netherlands-icon.png,https://polandball.miraheze.org/wiki/Netherlandsball,PNG,none (saved as downloaded)
icons/netherlandsball-icon-2.png,netherlands,Netherlands,icon,https://static.wikitide.net/polandballwiki/d/da/Netherlands-icon_%28high%29.png,https://polandball.miraheze.org/wiki/Netherlandsball,PNG,none (saved as downloaded)
icons/netherlandsball-icon-3.png,netherlands,Netherlands,icon,https://static.wikitide.net/polandballwiki/3/31/Netherlands-icon_%28surrender%29.png,https://polandball.miraheze.org/wiki/Netherlandsball,PNG,none (saved as downloaded)
icons/new-caledoniaball-icon-1.png,new-caledonia,New Caledonia,icon,https://static.wikitide.net/polandballwiki/f/f1/New_Caledonia-icon.png,https://polandball.miraheze.org/wiki/New_Caledoniaball,PNG,none (saved as downloaded)
icons/new-zealandball-icon-1.png,new-zealand,New Zealand,icon,https://static.wikitide.net/polandballwiki/4/40/New_Zealand-icon_%28no_hat%29.png,https://polandball.miraheze.org/wiki/New_Zealandball,PNG,none (saved as downloaded)
icons/new-zealandball-icon-2.png,new-zealand,New Zealand,icon,https://static.wikitide.net/polandballwiki/b/b4/New_Zealand-icon.png,https://polandball.miraheze.org/wiki/New_Zealandball,PNG,none (saved as downloaded)
icons/nicaraguaball-icon-1.png,nicaragua,Nicaragua,icon,https://static.wikitide.net/polandballwiki/9/95/Nicaragua-icon.png,https://polandball.miraheze.org/wiki/Nicaraguaball,PNG,none (saved as downloaded)
icons/nicaraguaball-icon-2.png,nicaragua,Nicaragua,icon,https://static.wikitide.net/polandballwiki/b/b2/Nicaragua-icon_%28Hat%29.png,https://polandball.miraheze.org/wiki/Nicaraguaball,PNG,none (saved as downloaded)
icons/nicaraguaball-icon-3.png,nicaragua,Nicaragua,icon,https://static.wikitide.net/polandballwiki/0/0f/Nicaragua-icon_%28soldier%29.png,https://polandball.miraheze.org/wiki/Nicaraguaball,PNG,none (saved as downloaded)
icons/nicaraguaball-icon-4.png,nicaragua,Nicaragua,icon,https://static.wikitide.net/polandballwiki/9/95/Nicaragua_Dictatorship-icon.png,https://polandball.miraheze.org/wiki/Nicaraguaball,PNG,none (saved as downloaded)
icons/nigerball-icon-1.png,niger,Niger,icon,https://static.wikitide.net/polandballwiki/7/72/Niger-icon.png,https://polandball.miraheze.org/wiki/Nigerball,PNG,none (saved as downloaded)
icons/nigeriaball-icon-1.png,nigeria,Nigeria,icon,https://static.wikitide.net/polandballwiki/d/de/Nigeria-icon.png,https://polandball.miraheze.org/wiki/Nigeriaball,PNG,none (saved as downloaded)
icons/nigeriaball-icon-2.png,nigeria,Nigeria,icon,https://static.wikitide.net/polandballwiki/d/db/Nigeriatangle-icon.png,https://polandball.miraheze.org/wiki/Nigeriaball,PNG,none (saved as downloaded)
icons/niueball-icon-1.png,niue,Niue,icon,https://static.wikitide.net/polandballwiki/e/ef/Niue-icon.png,https://polandball.miraheze.org/wiki/Niueball,PNG,none (saved as downloaded)
icons/norfolk-islandball-icon-1.png,norfolk-island,Norfolk Island,icon,https://static.wikitide.net/polandballwiki/4/40/Norfolk_Island-icon.png,https://polandball.miraheze.org/wiki/Norfolk_Islandball,PNG,none (saved as downloaded)
icons/north-koreaball-icon-1.png,north-korea,North Korea,icon,https://static.wikitide.net/polandballwiki/d/d1/North_Korea-icon.png,https://polandball.miraheze.org/wiki/North_Koreaball,PNG,none (saved as downloaded)
icons/north-koreaball-icon-2.png,north-korea,North Korea,icon,https://static.wikitide.net/polandballwiki/4/4c/North_Korea_%28dark_colors%29-icon.png,https://polandball.miraheze.org/wiki/North_Koreaball,PNG,none (saved as downloaded)
icons/north-koreaball-icon-3.png,north-korea,North Korea,icon,https://static.wikitide.net/polandballwiki/0/04/North_Korea-icon_%28soldier%29.png,https://polandball.miraheze.org/wiki/North_Koreaball,PNG,none (saved as downloaded)
icons/north-koreaball-icon-4.png,north-korea,North Korea,icon,https://static.wikitide.net/polandballwiki/0/07/North_Korea-icon_%28angry%29.png,https://polandball.miraheze.org/wiki/North_Koreaball,PNG,none (saved as downloaded)
icons/north-macedoniaball-icon-1.png,north-macedonia,North Macedonia,icon,https://static.wikitide.net/polandballwiki/8/88/North_Macedonia-icon.png,https://polandball.miraheze.org/wiki/North_Macedoniaball,PNG,none (saved as downloaded)
icons/north-macedoniaball-icon-2.png,north-macedonia,North Macedonia,icon,https://static.wikitide.net/polandballwiki/d/df/Macedonia-icon_%28gladiator%29.png,https://polandball.miraheze.org/wiki/North_Macedoniaball,PNG,none (saved as downloaded)
icons/northern-cyprusball-icon-1.png,northern-cyprus,Northern Cyprus,icon,https://static.wikitide.net/polandballwiki/3/3e/Northern_Cyprus-icon.png,https://polandball.miraheze.org/wiki/Northern_Cyprusball,PNG,none (saved as downloaded)
icons/northern-irelandball-icon-1.png,northern-ireland,Northern Ireland,icon,https://static.wikitide.net/polandballwiki/9/9b/Northern_Ireland-icon.png,https://polandball.miraheze.org/wiki/Northern_Irelandball,PNG,none (saved as downloaded)
icons/northern-mariana-islandsball-icon-1.png,northern-mariana-islands,Northern Mariana Islands,icon,https://static.wikitide.net/polandballwiki/1/11/Northern_Mariana_Islands-icon.png,https://polandball.miraheze.org/wiki/Northern_Mariana_Islandsball,PNG,none (saved as downloaded)
icons/norwayball-icon-1.png,norway,Norway,icon,https://static.wikitide.net/polandballwiki/3/30/Norway-icon.png,https://polandball.miraheze.org/wiki/Norwayball,PNG,none (saved as downloaded)
icons/norwayball-icon-2.png,norway,Norway,icon,https://static.wikitide.net/polandballwiki/9/99/Norway-icon_%28Viking%29.png,https://polandball.miraheze.org/wiki/Norwayball,PNG,none (saved as downloaded)
icons/omanball-icon-1.png,oman,Oman,icon,https://static.wikitide.net/polandballwiki/4/43/Oman-icon.png,https://polandball.miraheze.org/wiki/Omanball,PNG,none (saved as downloaded)
icons/omanball-icon-2.png,oman,Oman,icon,https://static.wikitide.net/polandballwiki/5/54/Oman-icon_%28hat%29.png,https://polandball.miraheze.org/wiki/Omanball,PNG,none (saved as downloaded)
icons/omanball-icon-3.png,oman,Oman,icon,https://static.wikitide.net/polandballwiki/d/d7/Oman-icon_%28arab_hat%29.png,https://polandball.miraheze.org/wiki/Omanball,PNG,none (saved as downloaded)
icons/pakistanball-icon-1.png,pakistan,Pakistan,icon,https://static.wikitide.net/polandballwiki/2/2a/Pakistan-icon.png,https://polandball.miraheze.org/wiki/Pakistanball,PNG,none (saved as downloaded)
icons/pakistanball-icon-2.png,pakistan,Pakistan,icon,https://static.wikitide.net/polandballwiki/9/9c/Pakistan-icon_%28turban%29.png,https://polandball.miraheze.org/wiki/Pakistanball,PNG,none (saved as downloaded)
icons/palauball-icon-1.png,palau,Palau,icon,https://static.wikitide.net/polandballwiki/e/e5/Palau-icon.png,https://polandball.miraheze.org/wiki/Palauball,PNG,none (saved as downloaded)
icons/palestineball-icon-1.png,palestine,Palestine,icon,https://static.wikitide.net/polandballwiki/b/bf/Palestine-icon.png,https://polandball.miraheze.org/wiki/Palestineball,PNG,none (saved as downloaded)
icons/palestineball-icon-2.png,palestine,Palestine,icon,https://static.wikitide.net/polandballwiki/f/ff/Palestine%28hat%29-icon.png,https://polandball.miraheze.org/wiki/Palestineball,PNG,none (saved as downloaded)
icons/palestineball-icon-3.png,palestine,Palestine,icon,https://static.wikitide.net/polandballwiki/4/42/Palestine-icon_%28tangle%29.png,https://polandball.miraheze.org/wiki/Palestineball,PNG,none (saved as downloaded)
icons/panamaball-icon-1.png,panama,Panama,icon,https://static.wikitide.net/polandballwiki/2/28/Panama-icon.png,https://polandball.miraheze.org/wiki/Panamaball,PNG,none (saved as downloaded)
icons/panamaball-icon-2.png,panama,Panama,icon,https://static.wikitide.net/polandballwiki/8/87/Panama-icon_%28split%29.png,https://polandball.miraheze.org/wiki/Panamaball,PNG,none (saved as downloaded)
icons/panamaball-icon-3.png,panama,Panama,icon,https://static.wikitide.net/polandballwiki/4/46/Panama-icon_%28opposition%29.png,https://polandball.miraheze.org/wiki/Panamaball,PNG,none (saved as downloaded)
icons/panamaball-icon-4.png,panama,Panama,icon,https://static.wikitide.net/polandballwiki/a/a9/Panama-icon_%281989%29.png,https://polandball.miraheze.org/wiki/Panamaball,PNG,none (saved as downloaded)
icons/papua-new-guineaball-icon-1.png,papua-new-guinea,Papua New Guinea,icon,https://static.wikitide.net/polandballwiki/b/bd/Papua_New_Guinea-icon.png,https://polandball.miraheze.org/wiki/Papua_New_Guineaball,PNG,none (saved as downloaded)
icons/paraguayball-icon-1.png,paraguay,Paraguay,icon,https://static.wikitide.net/polandballwiki/1/15/Paraguay-icon.png,https://polandball.miraheze.org/wiki/Paraguayball,PNG,none (saved as downloaded)
icons/paraguayball-icon-2.gif,paraguay,Paraguay,icon,https://static.wikitide.net/polandballwiki/3/35/SpinningParaguay-icon.gif,https://polandball.miraheze.org/wiki/Paraguayball,GIF,"none (GIF kept as GIF, animation intact)"
icons/peruball-icon-1.png,peru,Peru,icon,https://static.wikitide.net/polandballwiki/c/c7/Peru-icon.png,https://polandball.miraheze.org/wiki/Peruball,PNG,none (saved as downloaded)
icons/peruball-icon-2.png,peru,Peru,icon,https://static.wikitide.net/polandballwiki/d/da/Peru-icon_%28Coat_of_Arms%29.png,https://polandball.miraheze.org/wiki/Peruball,PNG,none (saved as downloaded)
icons/peruball-icon-3.png,peru,Peru,icon,https://static.wikitide.net/polandballwiki/b/b6/Peru-icon_%28hat%29.png,https://polandball.miraheze.org/wiki/Peruball,PNG,none (saved as downloaded)
icons/peruball-icon-4.gif,peru,Peru,icon,https://static.wikitide.net/polandballwiki/5/58/Peruspin-icon.gif,https://polandball.miraheze.org/wiki/Peruball,GIF,"none (GIF kept as GIF, animation intact)"
icons/philippinesball-icon-1.png,philippines,Philippines,icon,https://static.wikitide.net/polandballwiki/1/17/Philippines-icon_%28no_hat%29.png,https://polandball.miraheze.org/wiki/Philippinesball,PNG,none (saved as downloaded)
icons/philippinesball-icon-2.png,philippines,Philippines,icon,https://static.wikitide.net/polandballwiki/4/49/Philippines-icon.png,https://polandball.miraheze.org/wiki/Philippinesball,PNG,none (saved as downloaded)
icons/philippinesball-icon-3.png,philippines,Philippines,icon,https://static.wikitide.net/polandballwiki/7/7e/Philippines-icon_%28war%29.png,https://polandball.miraheze.org/wiki/Philippinesball,PNG,none (saved as downloaded)
icons/polandball-icon-1.png,poland,Poland,icon,https://static.wikitide.net/polandballwiki/a/a3/Poland-icon.png,https://polandball.miraheze.org/wiki/Polandball,PNG,none (saved as downloaded)
icons/polandball-icon-2.png,poland,Poland,icon,https://static.wikitide.net/polandballwiki/d/d7/Poland-icon_%28right_side_up%29.png,https://polandball.miraheze.org/wiki/Polandball,PNG,none (saved as downloaded)
icons/polandball-icon-3.png,poland,Poland,icon,https://static.wikitide.net/polandballwiki/e/e2/Poland-icon_%28Coat_of_Arms%29.png,https://polandball.miraheze.org/wiki/Polandball,PNG,none (saved as downloaded)
icons/polandball-icon-4.png,poland,Poland,icon,https://static.wikitide.net/polandballwiki/6/6f/Poland-icon_%28space%29.png,https://polandball.miraheze.org/wiki/Polandball,PNG,none (saved as downloaded)
icons/portugalball-icon-1.png,portugal,Portugal,icon,https://static.wikitide.net/polandballwiki/e/ed/Portugal-icon.png,https://polandball.miraheze.org/wiki/Portugalball,PNG,none (saved as downloaded)
icons/portugalball-icon-2.png,portugal,Portugal,icon,https://static.wikitide.net/polandballwiki/2/21/Portugal_Dictatorship-icon.png,https://polandball.miraheze.org/wiki/Portugalball,PNG,none (saved as downloaded)
icons/puerto-ricoball-icon-1.png,puerto-rico,Puerto Rico,icon,https://static.wikitide.net/polandballwiki/9/9f/PuertoRico-icon_%28independence%29.png,https://polandball.miraheze.org/wiki/Puerto_Ricoball,PNG,none (saved as downloaded)
icons/puerto-ricoball-icon-2.png,puerto-rico,Puerto Rico,icon,https://static.wikitide.net/polandballwiki/8/8a/Spanish-icon.png,https://polandball.miraheze.org/wiki/Puerto_Ricoball,PNG,none (saved as downloaded)
icons/puerto-ricoball-icon-3.png,puerto-rico,Puerto Rico,icon,https://static.wikitide.net/polandballwiki/e/e3/PuertoRico-icon_%28hat%29.png,https://polandball.miraheze.org/wiki/Puerto_Ricoball,PNG,none (saved as downloaded)
icons/puerto-ricoball-icon-4.png,puerto-rico,Puerto Rico,icon,https://static.wikitide.net/polandballwiki/c/c0/Puerto_Rico-icon.png,https://polandball.miraheze.org/wiki/Puerto_Ricoball,PNG,none (saved as downloaded)
icons/qatarball-icon-1.png,qatar,Qatar,icon,https://static.wikitide.net/polandballwiki/b/b9/Qatar-icon_%28no_hat_and_no_sunglasses%29.png,https://polandball.miraheze.org/wiki/Qatarball,PNG,none (saved as downloaded)
icons/qatarball-icon-2.png,qatar,Qatar,icon,https://static.wikitide.net/polandballwiki/3/34/Qatar-icon_%28no_sunglasses%29.png,https://polandball.miraheze.org/wiki/Qatarball,PNG,none (saved as downloaded)
icons/qatarball-icon-3.png,qatar,Qatar,icon,https://static.wikitide.net/polandballwiki/2/29/Qatar-icon.png,https://polandball.miraheze.org/wiki/Qatarball,PNG,none (saved as downloaded)
icons/reunionball-icon-1.png,reunion,Réunion,icon,https://static.wikitide.net/polandballwiki/6/6a/R%C3%A9union-icon.png,https://polandball.miraheze.org/wiki/R%C3%A9unionball,PNG,none (saved as downloaded)
icons/romaniaball-icon-1.png,romania,Romania,icon,https://static.wikitide.net/polandballwiki/8/83/Romania-icon.png,https://polandball.miraheze.org/wiki/Romaniaball,PNG,none (saved as downloaded)
icons/romaniaball-icon-2.png,romania,Romania,icon,https://static.wikitide.net/polandballwiki/b/ba/Bain-icon.png,https://polandball.miraheze.org/wiki/Romaniaball,PNG,none (saved as downloaded)
icons/romaniaball-icon-3.png,romania,Romania,icon,https://static.wikitide.net/polandballwiki/f/f8/Transylvania-icon_%28fangs%29.png,https://polandball.miraheze.org/wiki/Romaniaball,PNG,none (saved as downloaded)
icons/romaniaball-icon-4.png,romania,Romania,icon,https://static.wikitide.net/polandballwiki/d/d1/Romania-icon_%28Vampire%29.png,https://polandball.miraheze.org/wiki/Romaniaball,PNG,none (saved as downloaded)
icons/russiaball-icon-1.png,russia,Russia,icon,https://static.wikitide.net/polandballwiki/8/81/Russia-icon.png,https://polandball.miraheze.org/wiki/Russiaball,PNG,none (saved as downloaded)
icons/russiaball-icon-2.png,russia,Russia,icon,https://static.wikitide.net/polandballwiki/1/1c/Russia-icon_%28ushanka%29.png,https://polandball.miraheze.org/wiki/Russiaball,PNG,none (saved as downloaded)
icons/russiaball-icon-3.png,russia,Russia,icon,https://static.wikitide.net/polandballwiki/0/03/Russia-icon_%28Gamer%29.png,https://polandball.miraheze.org/wiki/Russiaball,PNG,none (saved as downloaded)
icons/russiaball-icon-4.png,russia,Russia,icon,https://static.wikitide.net/polandballwiki/7/7d/Russia-icon_%28furazhka%29.png,https://polandball.miraheze.org/wiki/Russiaball,PNG,none (saved as downloaded)
icons/rwandaball-icon-1.png,rwanda,Rwanda,icon,https://static.wikitide.net/polandballwiki/1/1b/Rwanda-icon.png,https://polandball.miraheze.org/wiki/Rwandaball,PNG,none (saved as downloaded)
icons/sababall-icon-1.png,saba,Saba,icon,https://static.wikitide.net/polandballwiki/c/c6/Saba-icon.png,https://polandball.miraheze.org/wiki/Sababall,PNG,none (saved as downloaded)
icons/saint-barthelemyball-icon-1.png,saint-barthelemy,Saint Barthélemy,icon,https://static.wikitide.net/polandballwiki/0/09/Saint_Barth%C3%A9lemy-icon.png,https://polandball.miraheze.org/wiki/Saint_Barth%C3%A9lemyball,PNG,none (saved as downloaded)
icons/saint-helenaball-icon-1.png,saint-helena,Saint Helena,icon,https://static.wikitide.net/polandballwiki/0/08/Saint_Helena-icon.png,https://polandball.miraheze.org/wiki/Saint_Helenaball,PNG,none (saved as downloaded)
icons/saint-kitts-and-nevisball-icon-1.png,saint-kitts-and-nevis,Saint Kitts and Nevis,icon,https://static.wikitide.net/polandballwiki/0/0b/Saint_Kitts_and_Nevis-icon.png,https://polandball.miraheze.org/wiki/Saint_Kitts_and_Nevisball,PNG,none (saved as downloaded)
icons/saint-luciaball-icon-1.png,saint-lucia,Saint Lucia,icon,https://static.wikitide.net/polandballwiki/b/b9/Saint_Lucia-icon.png,https://polandball.miraheze.org/wiki/Saint_Luciaball,PNG,none (saved as downloaded)
icons/saint-martinball-icon-1.png,saint-martin,Saint-Martin,icon,https://static.wikitide.net/polandballwiki/e/e0/Saint_Martin-icon.png,https://polandball.miraheze.org/wiki/Saint-Martinball,PNG,none (saved as downloaded)
icons/saint-martinball-icon-2.png,saint-martin,Saint-Martin,icon,https://static.wikitide.net/polandballwiki/0/0f/Saint_Martin-icon_%28alt%29.png,https://polandball.miraheze.org/wiki/Saint-Martinball,PNG,none (saved as downloaded)
icons/saint-pierre-and-miquelonball-icon-1.png,saint-pierre-and-miquelon,Saint Pierre and Miquelon,icon,https://static.wikitide.net/polandballwiki/0/00/Saint_Pierre_and_Miquelon-icon.png,https://polandball.miraheze.org/wiki/Saint_Pierre_and_Miquelonball,PNG,none (saved as downloaded)
icons/saint-pierre-and-miquelonball-icon-2.png,saint-pierre-and-miquelon,Saint Pierre and Miquelon,icon,https://static.wikitide.net/polandballwiki/2/26/Saint_Pierre_and_Miquelon-icon_%28beret%29.png,https://polandball.miraheze.org/wiki/Saint_Pierre_and_Miquelonball,PNG,none (saved as downloaded)
icons/saint-vincent-and-grenadinesball-icon-1.png,saint-vincent-and-grenadines,Saint Vincent and the Grenadines,icon,https://static.wikitide.net/polandballwiki/1/19/Saint_Vincent_and_the_Grenadines-icon.png,https://polandball.miraheze.org/wiki/Saint_Vincent_and_the_Grenadinesball,PNG,none (saved as downloaded)
icons/samoaball-icon-1.png,samoa,Samoa,icon,https://static.wikitide.net/polandballwiki/f/fc/Samoa-icon.png,https://polandball.miraheze.org/wiki/Samoaball,PNG,none (saved as downloaded)
icons/san-marinoball-icon-1.png,san-marino,San Marino,icon,https://static.wikitide.net/polandballwiki/8/8b/San_Marino-icon.png,https://polandball.miraheze.org/wiki/San_Marinoball,PNG,none (saved as downloaded)
icons/san-marinoball-icon-2.png,san-marino,San Marino,icon,https://static.wikitide.net/polandballwiki/3/37/San_Marino-icon_hat.png,https://polandball.miraheze.org/wiki/San_Marinoball,PNG,none (saved as downloaded)
icons/sao-tome-and-principeball-icon-1.png,sao-tome-and-principe,São Tomé and Príncipe,icon,https://static.wikitide.net/polandballwiki/a/ab/S%C3%A3o_Tom%C3%A9_and_Pr%C3%ADncipe-icon.png,https://polandball.miraheze.org/wiki/S%C3%A3o_Tom%C3%A9_and_Pr%C3%ADncipeball,PNG,none (saved as downloaded)
icons/saudi-arabiaball-icon-1.png,saudi-arabia,Saudi Arabia,icon,https://static.wikitide.net/polandballwiki/9/90/Saudi_Arabia-icon_%28no_hat%29.png,https://polandball.miraheze.org/wiki/Saudi_Arabiaball,PNG,none (saved as downloaded)
icons/saudi-arabiaball-icon-2.png,saudi-arabia,Saudi Arabia,icon,https://static.wikitide.net/polandballwiki/3/3d/Saudi_Arabia-icon.png,https://polandball.miraheze.org/wiki/Saudi_Arabiaball,PNG,none (saved as downloaded)
icons/scotlandball-icon-1.png,scotland,Scotland,icon,https://static.wikitide.net/polandballwiki/7/7a/Scotland-icon_%28no_hat%29.png,https://polandball.miraheze.org/wiki/Scotlandball,PNG,none (saved as downloaded)
icons/scotlandball-icon-2.png,scotland,Scotland,icon,https://static.wikitide.net/polandballwiki/3/3e/Scotland-icon.png,https://polandball.miraheze.org/wiki/Scotlandball,PNG,none (saved as downloaded)
icons/senegalball-icon-1.png,senegal,Senegal,icon,https://static.wikitide.net/polandballwiki/e/ef/Senegal-icon.png,https://polandball.miraheze.org/wiki/Senegalball,PNG,none (saved as downloaded)
icons/senegalball-icon-2.png,senegal,Senegal,icon,https://static.wikitide.net/polandballwiki/a/a2/Senetangle-icon.png,https://polandball.miraheze.org/wiki/Senegalball,PNG,none (saved as downloaded)
icons/serbiaball-icon-1.png,serbia,Serbia,icon,https://static.wikitide.net/polandballwiki/d/df/Serbia-icon.png,https://polandball.miraheze.org/wiki/Serbiaball,PNG,none (saved as downloaded)
icons/serbiaball-icon-2.png,serbia,Serbia,icon,https://static.wikitide.net/polandballwiki/f/fb/Serbia-icon_%28Hat%29.png,https://polandball.miraheze.org/wiki/Serbiaball,PNG,none (saved as downloaded)
icons/seychellesball-icon-1.png,seychelles,Seychelles,icon,https://static.wikitide.net/polandballwiki/a/a3/Seychelles-icon.png,https://polandball.miraheze.org/wiki/Seychellesball,PNG,none (saved as downloaded)
icons/sierra-leoneball-icon-1.png,sierra-leone,Sierra Leone,icon,https://static.wikitide.net/polandballwiki/3/3c/Sierra_Leone-icon.png,https://polandball.miraheze.org/wiki/Sierra_Leoneball,PNG,none (saved as downloaded)
icons/singaporeball-icon-1.png,singapore,Singapore,icon,https://static.wikitide.net/polandballwiki/8/80/Singapore-icon.png,https://polandball.miraheze.org/wiki/Tringapore,PNG,none (saved as downloaded)
icons/singaporeball-icon-2.png,singapore,Singapore,icon,https://static.wikitide.net/polandballwiki/9/9a/Singapore-icon_%28Asian_Eyes%29.png,https://polandball.miraheze.org/wiki/Tringapore,PNG,none (saved as downloaded)
icons/singaporeball-icon-3.png,singapore,Singapore,icon,https://static.wikitide.net/polandballwiki/2/2c/Singapore-icon_%28Ball%29.png,https://polandball.miraheze.org/wiki/Tringapore,PNG,none (saved as downloaded)
icons/sint-eustatiusball-icon-1.png,sint-eustatius,Sint Eustatius,icon,https://static.wikitide.net/polandballwiki/4/4a/Sint_Eustatius-icon.png,https://polandball.miraheze.org/wiki/Sint_Eustatiusball,PNG,none (saved as downloaded)
icons/sint-maartenball-icon-1.png,sint-maarten,Sint Maarten,icon,https://static.wikitide.net/polandballwiki/0/0b/Sint_Maarten-icon.png,https://polandball.miraheze.org/wiki/Sint_Maartenball,PNG,none (saved as downloaded)
icons/slovakiaball-icon-1.png,slovakia,Slovakia,icon,https://static.wikitide.net/polandballwiki/f/f8/Slovakia-icon.png,https://polandball.miraheze.org/wiki/Slovakiaball,PNG,none (saved as downloaded)
icons/sloveniaball-icon-1.png,slovenia,Slovenia,icon,https://static.wikitide.net/polandballwiki/3/39/Slovenia-icon.png,https://polandball.miraheze.org/wiki/Sloveniaball,PNG,none (saved as downloaded)
icons/solomon-islandsball-icon-1.png,solomon-islands,Solomon Islands,icon,https://static.wikitide.net/polandballwiki/7/7b/Solomon_Islands-icon.png,https://polandball.miraheze.org/wiki/Solomon_Islandsball,PNG,none (saved as downloaded)
icons/somaliaball-icon-1.png,somalia,Somalia,icon,https://static.wikitide.net/polandballwiki/7/74/Somalia-icon.png,https://polandball.miraheze.org/wiki/Somaliaball,PNG,none (saved as downloaded)
icons/somaliaball-icon-2.png,somalia,Somalia,icon,https://static.wikitide.net/polandballwiki/b/b0/Somalia-icon_%28fez%29.png,https://polandball.miraheze.org/wiki/Somaliaball,PNG,none (saved as downloaded)
icons/somaliaball-icon-3.png,somalia,Somalia,icon,https://static.wikitide.net/polandballwiki/3/35/Somalia-icon_%28no_hat%29.png,https://polandball.miraheze.org/wiki/Somaliaball,PNG,none (saved as downloaded)
icons/somaliaball-icon-4.gif,somalia,Somalia,icon,https://static.wikitide.net/polandballwiki/1/18/Somalia-gif_%286%29.gif,https://polandball.miraheze.org/wiki/Somaliaball,GIF,"none (GIF kept as GIF, animation intact)"
icons/somalilandball-icon-1.png,somaliland,Somaliland,icon,https://static.wikitide.net/polandballwiki/e/e8/Somaliland-icon.png,https://polandball.miraheze.org/wiki/Somalilandball,PNG,none (saved as downloaded)
icons/south-africaball-icon-1.png,south-africa,South Africa,icon,https://static.wikitide.net/polandballwiki/f/f7/South_Africa-icon.png,https://polandball.miraheze.org/wiki/South_Africaball,PNG,none (saved as downloaded)
icons/south-koreaball-icon-1.png,south-korea,South Korea,icon,https://static.wikitide.net/polandballwiki/3/36/South_Korea-icon.png,https://polandball.miraheze.org/wiki/South_Koreaball,PNG,none (saved as downloaded)
icons/south-koreaball-icon-2.png,south-korea,South Korea,icon,https://static.wikitide.net/polandballwiki/2/2f/South_Korea-icon_%28open_eyes%29.png,https://polandball.miraheze.org/wiki/South_Koreaball,PNG,none (saved as downloaded)
icons/south-koreaball-icon-3.png,south-korea,South Korea,icon,https://static.wikitide.net/polandballwiki/9/9f/KoreaReichTime-icon.png,https://polandball.miraheze.org/wiki/South_Koreaball,PNG,none (saved as downloaded)
icons/south-ossetiaball-icon-1.png,south-ossetia,South Ossetia,icon,https://static.wikitide.net/polandballwiki/d/db/South_Ossetia-icon.png,https://polandball.miraheze.org/wiki/South_Ossetiaball,PNG,none (saved as downloaded)
icons/south-sudanball-icon-1.png,south-sudan,South Sudan,icon,https://static.wikitide.net/polandballwiki/b/be/South_Sudan-icon.png,https://polandball.miraheze.org/wiki/South_Sudanball,PNG,none (saved as downloaded)
icons/south-sudanball-icon-2.png,south-sudan,South Sudan,icon,https://static.wikitide.net/polandballwiki/1/1d/South_Sudan-icon_%28hat%29.png,https://polandball.miraheze.org/wiki/South_Sudanball,PNG,none (saved as downloaded)
icons/south-sudanball-icon-3.png,south-sudan,South Sudan,icon,https://static.wikitide.net/polandballwiki/c/c6/South_Sudan-icon_%28Arab%29.png,https://polandball.miraheze.org/wiki/South_Sudanball,PNG,none (saved as downloaded)
icons/spainball-icon-1.png,spain,Spain,icon,https://static.wikitide.net/polandballwiki/7/76/Spain-icon.png,https://polandball.miraheze.org/wiki/Spainball,PNG,none (saved as downloaded)
icons/spainball-icon-2.png,spain,Spain,icon,https://static.wikitide.net/polandballwiki/c/c3/Spain-icon_%28Crown%29.png,https://polandball.miraheze.org/wiki/Spainball,PNG,none (saved as downloaded)
icons/sri-lankaball-icon-1.png,sri-lanka,Sri Lanka,icon,https://static.wikitide.net/polandballwiki/0/0c/Sri_Lanka-icon.png,https://polandball.miraheze.org/wiki/Sri_Lankaball,PNG,none (saved as downloaded)
icons/sudanball-icon-1.png,sudan,Sudan,icon,https://static.wikitide.net/polandballwiki/c/c1/Sudan-icon.png,https://polandball.miraheze.org/wiki/Sudanball,PNG,none (saved as downloaded)
icons/sudanball-icon-2.png,sudan,Sudan,icon,https://static.wikitide.net/polandballwiki/3/30/Sudan-icon_%28hat%29.png,https://polandball.miraheze.org/wiki/Sudanball,PNG,none (saved as downloaded)
icons/sudanball-icon-3.png,sudan,Sudan,icon,https://static.wikitide.net/polandballwiki/7/7f/Sudan-icon_%28tangle%29.png,https://polandball.miraheze.org/wiki/Sudanball,PNG,none (saved as downloaded)
icons/surinameball-icon-1.png,suriname,Suriname,icon,https://static.wikitide.net/polandballwiki/3/31/Suriname-icon.png,https://polandball.miraheze.org/wiki/Surinameball,PNG,none (saved as downloaded)
icons/swedenball-icon-1.png,sweden,Sweden,icon,https://static.wikitide.net/polandballwiki/9/9c/Sweden-icon.png,https://polandball.miraheze.org/wiki/Swedenball,PNG,none (saved as downloaded)
icons/swedenball-icon-2.png,sweden,Sweden,icon,https://static.wikitide.net/polandballwiki/a/aa/DickRhino-icon.png,https://polandball.miraheze.org/wiki/Swedenball,PNG,none (saved as downloaded)
icons/swedenball-icon-3.png,sweden,Sweden,icon,https://static.wikitide.net/polandballwiki/5/5c/Sweden-icon_%28Minecraft%29.png,https://polandball.miraheze.org/wiki/Swedenball,PNG,none (saved as downloaded)
icons/switzerlandball-icon-1.png,switzerland,Switzerland,icon,https://static.wikitide.net/polandballwiki/1/1d/Switzerland-icon.png,https://polandball.miraheze.org/wiki/Switzerlandball,PNG,none (saved as downloaded)
icons/switzerlandball-icon-2.png,switzerland,Switzerland,icon,https://static.wikitide.net/polandballwiki/f/fd/Suisse-icon.png,https://polandball.miraheze.org/wiki/Switzerlandball,PNG,none (saved as downloaded)
icons/switzerlandball-icon-3.png,switzerland,Switzerland,icon,https://static.wikitide.net/polandballwiki/8/88/Switzerland-icon_%28Nurse%29.png,https://polandball.miraheze.org/wiki/Switzerlandball,PNG,none (saved as downloaded)
icons/switzerlandball-icon-4.png,switzerland,Switzerland,icon,https://static.wikitide.net/polandballwiki/3/36/Switzerland-icon_%28Guard%29.png,https://polandball.miraheze.org/wiki/Switzerlandball,PNG,none (saved as downloaded)
icons/syriaball-icon-1.png,syria,Syria,icon,https://static.wikitide.net/polandballwiki/7/7f/Syria-icon.png,https://polandball.miraheze.org/wiki/Syriaball,PNG,none (saved as downloaded)
icons/syriaball-icon-2.png,syria,Syria,icon,https://static.wikitide.net/polandballwiki/5/55/Syria-icon_%28kandura%29.png,https://polandball.miraheze.org/wiki/Syriaball,PNG,none (saved as downloaded)
icons/tahitiball-icon-1.png,tahiti,Tahiti,icon,https://static.wikitide.net/polandballwiki/1/17/French_Polynesia-icon.png,https://polandball.miraheze.org/wiki/French_Polynesiaball,PNG,none (saved as downloaded)
icons/taiwanball-icon-1.png,taiwan,Taiwan,icon,https://static.wikitide.net/polandballwiki/d/db/Taiwan-icon.png,https://polandball.miraheze.org/wiki/Taiwanball,PNG,none (saved as downloaded)
icons/taiwanball-icon-2.png,taiwan,Taiwan,icon,https://static.wikitide.net/polandballwiki/1/1c/Taiwan-icon_%28soldier%29.png,https://polandball.miraheze.org/wiki/Taiwanball,PNG,none (saved as downloaded)
icons/taiwanball-icon-3.png,taiwan,Taiwan,icon,https://static.wikitide.net/polandballwiki/d/dd/Taiwan-icon_%28angry%29.png,https://polandball.miraheze.org/wiki/Taiwanball,PNG,none (saved as downloaded)
icons/taiwanball-icon-4.png,taiwan,Taiwan,icon,https://static.wikitide.net/polandballwiki/1/1d/Second_United_China-icon.png,https://polandball.miraheze.org/wiki/Taiwanball,PNG,none (saved as downloaded)
icons/tajikistanball-icon-1.png,tajikistan,Tajikistan,icon,https://static.wikitide.net/polandballwiki/1/1f/Tajikistan-icon.png,https://polandball.miraheze.org/wiki/Tajikistanball,PNG,none (saved as downloaded)
icons/tanzaniaball-icon-1.png,tanzania,Tanzania,icon,https://static.wikitide.net/polandballwiki/0/0e/Tanzania-icon.png,https://polandball.miraheze.org/wiki/Tanzaniaball,PNG,none (saved as downloaded)
icons/thailandball-icon-1.png,thailand,Thailand,icon,https://static.wikitide.net/polandballwiki/b/b9/Thailand-icon.png,https://polandball.miraheze.org/wiki/Thailandball,PNG,none (saved as downloaded)
icons/thailandball-icon-2.png,thailand,Thailand,icon,https://static.wikitide.net/polandballwiki/7/70/Thailand-icon_%28crown%29.png,https://polandball.miraheze.org/wiki/Thailandball,PNG,none (saved as downloaded)
icons/tibetball-icon-1.png,tibet,Tibet,icon,https://static.wikitide.net/polandballwiki/0/05/Tibet-icon_%28alt%29.png,https://polandball.miraheze.org/wiki/Tibetball,PNG,none (saved as downloaded)
icons/timor-lesteball-icon-1.png,timor-leste,Timor-Leste,icon,https://static.wikitide.net/polandballwiki/1/14/Timor-Leste-icon.png,https://polandball.miraheze.org/wiki/Timor-Lesteball,PNG,none (saved as downloaded)
icons/timor-lesteball-icon-2.png,timor-leste,Timor-Leste,icon,https://static.wikitide.net/polandballwiki/c/c2/East_Timor_%28hat%29-icon.png,https://polandball.miraheze.org/wiki/Timor-Lesteball,PNG,none (saved as downloaded)
icons/togoball-icon-1.png,togo,Togo,icon,https://static.wikitide.net/polandballwiki/7/74/Togo-icon.png,https://polandball.miraheze.org/wiki/Togoball,PNG,none (saved as downloaded)
icons/tokelauball-icon-1.png,tokelau,Tokelau,icon,https://static.wikitide.net/polandballwiki/8/86/Tokelau-icon.png,https://polandball.miraheze.org/wiki/Tokelauball,PNG,none (saved as downloaded)
icons/tongaball-icon-1.png,tonga,Tonga,icon,https://static.wikitide.net/polandballwiki/5/5c/Tonga-icon.png,https://polandball.miraheze.org/wiki/Tongaball,PNG,none (saved as downloaded)
icons/transnistriaball-icon-1.png,transnistria,Transnistria,icon,https://static.wikitide.net/polandballwiki/4/49/Transnistria-icon.png,https://polandball.miraheze.org/wiki/Transnistriaball,PNG,none (saved as downloaded)
icons/trinidad-and-tobagoball-icon-1.png,trinidad-and-tobago,Trinidad & Tobago,icon,https://static.wikitide.net/polandballwiki/e/ea/Trinidad_and_Tobago-icon.png,https://polandball.miraheze.org/wiki/Trinidad_and_Tobagoball,PNG,none (saved as downloaded)
icons/tristan-da-cunhaball-icon-1.png,tristan-da-cunha,Tristan da Cunha,icon,https://static.wikitide.net/polandballwiki/0/08/Saint_Helena-icon.png,https://polandball.miraheze.org/wiki/Saint_Helenaball%2C_Ascensionball_and_Tristan_da_Cunhaballs,PNG,none (saved as downloaded)
icons/tunisiaball-icon-1.png,tunisia,Tunisia,icon,https://static.wikitide.net/polandballwiki/d/d3/Tunisia-icon.png,https://polandball.miraheze.org/wiki/Tunisiaball,PNG,none (saved as downloaded)
icons/tunisiaball-icon-2.png,tunisia,Tunisia,icon,https://static.wikitide.net/polandballwiki/4/48/Tunisia-icon_%28fez%29.png,https://polandball.miraheze.org/wiki/Tunisiaball,PNG,none (saved as downloaded)
icons/tunisiaball-icon-3.png,tunisia,Tunisia,icon,https://static.wikitide.net/polandballwiki/c/cb/Tunisia-icon_%28Arab_Hat%29.png,https://polandball.miraheze.org/wiki/Tunisiaball,PNG,none (saved as downloaded)
icons/turkeyball-icon-1.png,turkey,Turkey,icon,https://static.wikitide.net/polandballwiki/0/03/T%C3%BCrkiye-icon.png,https://polandball.miraheze.org/wiki/Turkeyball,PNG,none (saved as downloaded)
icons/turkeyball-icon-2.png,turkey,Turkey,icon,https://static.wikitide.net/polandballwiki/9/9e/T%C3%BCrkiye-icon_%28fez%29.png,https://polandball.miraheze.org/wiki/Turkeyball,PNG,none (saved as downloaded)
icons/turkeyball-icon-3.png,turkey,Turkey,icon,https://static.wikitide.net/polandballwiki/a/a8/T%C3%BCrkiyetangle-icon.png,https://polandball.miraheze.org/wiki/Turkeyball,PNG,none (saved as downloaded)
icons/turkmenistanball-icon-1.png,turkmenistan,Turkmenistan,icon,https://static.wikitide.net/polandballwiki/4/48/Turkmenistan-icon.png,https://polandball.miraheze.org/wiki/Turkmenistanball,PNG,none (saved as downloaded)
icons/turks-and-caicos-islandsball-icon-1.png,turks-and-caicos-islands,Turks & Caicos Islands,icon,https://static.wikitide.net/polandballwiki/3/3a/Turks_and_Caicos-icon.png,https://polandball.miraheze.org/wiki/Turks_and_Caicosball,PNG,none (saved as downloaded)
icons/tuvaluball-icon-1.png,tuvalu,Tuvalu,icon,https://static.wikitide.net/polandballwiki/3/31/Tuvalu-icon.png,https://polandball.miraheze.org/wiki/Tuvaluball,PNG,none (saved as downloaded)
icons/uaeball-icon-1.png,uae,United Arab Emirates,icon,https://static.wikitide.net/polandballwiki/d/dd/UAE-icon.png,https://polandball.miraheze.org/wiki/United_Arab_Emiratesball,PNG,none (saved as downloaded)
icons/uaeball-icon-2.png,uae,United Arab Emirates,icon,https://static.wikitide.net/polandballwiki/3/3d/UAE-icon_%28hat%29.png,https://polandball.miraheze.org/wiki/United_Arab_Emiratesball,PNG,none (saved as downloaded)
icons/ugandaball-icon-1.png,uganda,Uganda,icon,https://static.wikitide.net/polandballwiki/7/7a/Uganda-icon.png,https://polandball.miraheze.org/wiki/Ugandaball,PNG,none (saved as downloaded)
icons/ugandaball-icon-2.png,uganda,Uganda,icon,https://static.wikitide.net/polandballwiki/2/25/Uganda-icon_%28tangle%29.png,https://polandball.miraheze.org/wiki/Ugandaball,PNG,none (saved as downloaded)
icons/ukraineball-icon-1.png,ukraine,Ukraine,icon,https://static.wikitide.net/polandballwiki/3/3d/Ukraine-icon.png,https://polandball.miraheze.org/wiki/Ukraineball,PNG,none (saved as downloaded)
icons/ukraineball-icon-2.png,ukraine,Ukraine,icon,https://static.wikitide.net/polandballwiki/f/f9/Ukraine-icon_%281991%29.png,https://polandball.miraheze.org/wiki/Ukraineball,PNG,none (saved as downloaded)
icons/ukraineball-icon-3.png,ukraine,Ukraine,icon,https://static.wikitide.net/polandballwiki/d/de/Ukraine-icon_%28soldier%29.png,https://polandball.miraheze.org/wiki/Ukraineball,PNG,none (saved as downloaded)
icons/ukraineball-icon-4.gif,ukraine,Ukraine,icon,https://static.wikitide.net/polandballwiki/5/55/Ukrainian_Revolution-icon.gif,https://polandball.miraheze.org/wiki/Ukraineball,GIF,"none (GIF kept as GIF, animation intact)"
icons/united-kingdomball-icon-1.png,united-kingdom,United Kingdom,icon,https://static.wikitide.net/polandballwiki/2/26/UK-icon_%28old%29.png,https://polandball.miraheze.org/wiki/United_Kingdomball,PNG,none (saved as downloaded)
icons/united-kingdomball-icon-2.png,united-kingdom,United Kingdom,icon,https://static.wikitide.net/polandballwiki/b/be/UK-icon.png,https://polandball.miraheze.org/wiki/United_Kingdomball,PNG,none (saved as downloaded)
icons/united-kingdomball-icon-3.png,united-kingdom,United Kingdom,icon,https://static.wikitide.net/polandballwiki/a/aa/UK-icon_%28no_hat%29.png,https://polandball.miraheze.org/wiki/United_Kingdomball,PNG,none (saved as downloaded)
icons/united-kingdomball-icon-4.png,united-kingdom,United Kingdom,icon,https://static.wikitide.net/polandballwiki/7/7a/UK-icon_%28without_monocle_and_top_hat%29.png,https://polandball.miraheze.org/wiki/United_Kingdomball,PNG,none (saved as downloaded)
icons/united-statesball-icon-1.png,united-states,United States,icon,https://static.wikitide.net/polandballwiki/6/6c/USA-icon.png,https://polandball.miraheze.org/wiki/United_Statesball,PNG,none (saved as downloaded)
icons/united-statesball-icon-2.png,united-states,United States,icon,https://static.wikitide.net/polandballwiki/8/81/USA-icon_%28no_sunglasses%29.png,https://polandball.miraheze.org/wiki/United_Statesball,PNG,none (saved as downloaded)
icons/united-statesball-icon-3.png,united-states,United States,icon,https://static.wikitide.net/polandballwiki/8/89/USA-icon_%28Gamer%29.png,https://polandball.miraheze.org/wiki/United_Statesball,PNG,none (saved as downloaded)
icons/united-statesball-icon-4.png,united-states,United States,icon,https://static.wikitide.net/polandballwiki/1/17/Murica-icon.png,https://polandball.miraheze.org/wiki/United_Statesball,PNG,none (saved as downloaded)
icons/uruguayball-icon-1.png,uruguay,Uruguay,icon,https://static.wikitide.net/polandballwiki/e/e0/Uruguay-icon.png,https://polandball.miraheze.org/wiki/Uruguayball,PNG,none (saved as downloaded)
icons/uruguayball-icon-2.png,uruguay,Uruguay,icon,https://static.wikitide.net/polandballwiki/2/22/Uruguay-icon_%28high%29.png,https://polandball.miraheze.org/wiki/Uruguayball,PNG,none (saved as downloaded)
icons/uruguayball-icon-3.png,uruguay,Uruguay,icon,https://static.wikitide.net/polandballwiki/2/2e/Uruguay-icon_%28child%29.png,https://polandball.miraheze.org/wiki/Uruguayball,PNG,none (saved as downloaded)
icons/us-virgin-islandsball-icon-1.png,us-virgin-islands,U.S. Virgin Islands,icon,https://static.wikitide.net/polandballwiki/2/28/Virgin_Islands-icon.png,https://polandball.miraheze.org/wiki/United_States_Virgin_Islandsball,PNG,none (saved as downloaded)
icons/uzbekistanball-icon-1.png,uzbekistan,Uzbekistan,icon,https://static.wikitide.net/polandballwiki/2/2e/Uzbekistan-icon.png,https://polandball.miraheze.org/wiki/Uzbekistanball,PNG,none (saved as downloaded)
icons/uzbekistanball-icon-2.png,uzbekistan,Uzbekistan,icon,https://static.wikitide.net/polandballwiki/0/09/Uzbek-icon_%28Tubetei%29.png,https://polandball.miraheze.org/wiki/Uzbekistanball,PNG,none (saved as downloaded)
icons/vanuatuball-icon-1.png,vanuatu,Vanuatu,icon,https://static.wikitide.net/polandballwiki/b/bf/Vanuatu-icon.png,https://polandball.miraheze.org/wiki/Vanuatuball,PNG,none (saved as downloaded)
icons/vatican-cityball-icon-1.png,vatican-city,Vatican City,icon,https://static.wikitide.net/polandballwiki/a/aa/Vatican_City-icon.png,https://polandball.miraheze.org/wiki/Vatican_Cityball,PNG,none (saved as downloaded)
icons/vatican-cityball-icon-2.png,vatican-city,Vatican City,icon,https://static.wikitide.net/polandballwiki/6/6f/Vatican_City_%28skullcap%29-icon.png,https://polandball.miraheze.org/wiki/Vatican_Cityball,PNG,none (saved as downloaded)
icons/vatican-cityball-icon-3.png,vatican-city,Vatican City,icon,https://static.wikitide.net/polandballwiki/2/2e/Vatican-icon_%28tangle%29.png,https://polandball.miraheze.org/wiki/Vatican_Cityball,PNG,none (saved as downloaded)
icons/venezuelaball-icon-1.png,venezuela,Venezuela,icon,https://static.wikitide.net/polandballwiki/4/46/Venezuela-icon_%28without_hat%29.png,https://polandball.miraheze.org/wiki/Venezuelaball,PNG,none (saved as downloaded)
icons/venezuelaball-icon-2.png,venezuela,Venezuela,icon,https://static.wikitide.net/polandballwiki/c/cb/Venezuela-icon.png,https://polandball.miraheze.org/wiki/Venezuelaball,PNG,none (saved as downloaded)
icons/vietnamball-icon-1.png,vietnam,Vietnam,icon,https://static.wikitide.net/polandballwiki/8/83/Vietnam-icon_%28no_hat%29.png,https://polandball.miraheze.org/wiki/Vietnamball,PNG,none (saved as downloaded)
icons/vietnamball-icon-2.png,vietnam,Vietnam,icon,https://static.wikitide.net/polandballwiki/a/a2/Vietnam-icon.png,https://polandball.miraheze.org/wiki/Vietnamball,PNG,none (saved as downloaded)
icons/vietnamball-icon-3.png,vietnam,Vietnam,icon,https://static.wikitide.net/polandballwiki/b/be/Vietnamese-icon.png,https://polandball.miraheze.org/wiki/Vietnamball,PNG,none (saved as downloaded)
icons/vietnamball-icon-4.png,vietnam,Vietnam,icon,https://static.wikitide.net/polandballwiki/8/84/Vietnam-icon_%28colony%29.png,https://polandball.miraheze.org/wiki/Vietnamball,PNG,none (saved as downloaded)
icons/walesball-icon-1.png,wales,Wales,icon,https://static.wikitide.net/polandballwiki/8/84/Wales-icon.png,https://polandball.miraheze.org/wiki/Walesball,PNG,none (saved as downloaded)
icons/wallis-and-futunaball-icon-1.png,wallis-and-futuna,Wallis & Futuna,icon,https://static.wikitide.net/polandballwiki/3/30/Wallis_and_Futuna-icon.png,https://polandball.miraheze.org/wiki/Wallis_and_Futunaball,PNG,none (saved as downloaded)
icons/western-saharaball-icon-1.png,western-sahara,Western Sahara,icon,https://static.wikitide.net/polandballwiki/3/35/Western_Sahara-icon.png,https://polandball.miraheze.org/wiki/Western_Saharaball,PNG,none (saved as downloaded)
icons/yemenball-icon-1.png,yemen,Yemen,icon,https://static.wikitide.net/polandballwiki/a/a7/Yemen-icon.png,https://polandball.miraheze.org/wiki/Yemenball,PNG,none (saved as downloaded)
icons/yemenball-icon-2.png,yemen,Yemen,icon,https://static.wikitide.net/polandballwiki/0/0f/Yemen%28hat%29-icon.png,https://polandball.miraheze.org/wiki/Yemenball,PNG,none (saved as downloaded)
icons/zambiaball-icon-1.png,zambia,Zambia,icon,https://static.wikitide.net/polandballwiki/1/16/Zambia-icon.png,https://polandball.miraheze.org/wiki/Zambiaball,PNG,none (saved as downloaded)
icons/zanzibarball-icon-1.png,zanzibar,Zanzibar,icon,https://static.wikitide.net/polandballwiki/c/ce/Zanzibar-icon.png,https://polandball.miraheze.org/wiki/Zanzibarball,PNG,none (saved as downloaded)
icons/zimbabweball-icon-1.png,zimbabwe,Zimbabwe,icon,https://static.wikitide.net/polandballwiki/c/c3/Zimbabwe-icon.png,https://polandball.miraheze.org/wiki/Zimbabweball,PNG,none (saved as downloaded)
images/abkhaziaball-image.png,abkhazia,Abkhazia,image,https://static.wikitide.net/polandballwiki/thumb/0/0a/Abkhaziaball.jpg/600px-Abkhaziaball.jpg,https://polandball.miraheze.org/wiki/Abkhaziaball,JPEG,converted JPEG -> PNG
images/afghanistanball-image.png,afghanistan,Afghanistan,image,https://static.wikitide.net/polandballwiki/a/a2/New_Revamp_Afghanistan.png,https://polandball.miraheze.org/wiki/Afghanistanball,PNG,none (saved as downloaded)
images/aland-islandsball-image.png,aland-islands,Åland Islands,image,https://static.wikitide.net/polandballwiki/thumb/4/48/Chamomilee_-_Alandball.png/600px-Chamomilee_-_Alandball.png,https://polandball.miraheze.org/wiki/%C3%85landball,PNG,none (saved as downloaded)
images/albaniaball-image.png,albania,Albania,image,https://static.wikitide.net/polandballwiki/6/6f/KalG_-_Albania.png,https://polandball.miraheze.org/wiki/Albaniaball,PNG,none (saved as downloaded)
images/algeriaball-image.png,algeria,Algeria,image,https://static.wikitide.net/polandballwiki/thumb/2/29/Algeriastronk.jpeg/600px-Algeriastronk.jpeg,https://polandball.miraheze.org/wiki/Algeriaball,JPEG,converted JPEG -> PNG
images/american-samoaball-image.png,american-samoa,American Samoa,image,https://upload.wikimedia.org/wikipedia/commons/d/d5/Samoa_Americana.png,https://polandball.miraheze.org/wiki/American_Samoaball,PNG,none (saved as downloaded)
images/andorraball-image.png,andorra,Andorra,image,https://static.wikitide.net/polandballwiki/6/6a/Andorraball.png,https://polandball.miraheze.org/wiki/Andorraball,PNG,none (saved as downloaded)
images/angolaball-image.png,angola,Angola,image,https://static.wikitide.net/polandballwiki/thumb/4/4c/Chamomilee_-_Angolaballl.png/599px-Chamomilee_-_Angolaballl.png,https://polandball.miraheze.org/wiki/Angolaball,PNG,none (saved as downloaded)
images/anguillaball-image.png,anguilla,Anguilla,image,https://static.wikitide.net/polandballwiki/f/f8/Mtcat-Anguilla.png,https://polandball.miraheze.org/wiki/Anguillaball,PNG,none (saved as downloaded)
images/antarcticaball-image.png,antarctica,Antarctica,image,https://static.wikitide.net/polandballwiki/thumb/8/88/Dr--Bright_-_Antartica_and_Penguins_in_2014.png/600px-Dr--Bright_-_Antartica_and_Penguins_in_2014.png,https://polandball.miraheze.org/wiki/Antarcticaball,PNG,none (saved as downloaded)
images/antigua-and-barbudaball-image.png,antigua-and-barbuda,Antigua & Barbuda,image,https://static.wikitide.net/polandballwiki/7/76/600px-Antigua_%26_BarbudaBall_%28Sunset%29.png,https://polandball.miraheze.org/wiki/Antigua_and_Barbudaball,PNG,none (saved as downloaded)
images/argentinaball-image.png,argentina,Argentina,image,https://static.wikitide.net/polandballwiki/5/51/ArgentinaballKG.png,https://polandball.miraheze.org/wiki/Argentinaball,PNG,none (saved as downloaded)
images/armeniaball-image.png,armenia,Armenia,image,https://static.wikitide.net/polandballwiki/thumb/1/14/This_Land_is_Mine.png/599px-This_Land_is_Mine.png,https://polandball.miraheze.org/wiki/Armeniaball,PNG,none (saved as downloaded)
images/artsakhball-image.png,artsakh,Artsakh,image,https://static.wikitide.net/polandballwiki/c/ce/Republic_of_Artsakhball.png,https://polandball.miraheze.org/wiki/Artsakhball,PNG,none (saved as downloaded)
images/arubaball-image.png,aruba,Aruba,image,https://static.wikitide.net/polandballwiki/thumb/d/db/Miloshu_-_dad%3F_is_this..._holland%3F.png/600px-Miloshu_-_dad%3F_is_this..._holland%3F.png,https://polandball.miraheze.org/wiki/Arubaball,PNG,none (saved as downloaded)
images/ascension-islandball-image.png,ascension-island,Ascension Island,image,https://static.wikitide.net/polandballwiki/3/3d/Ukcutoff.png,"https://polandball.miraheze.org/wiki/Saint_Helenaball,_Ascensionball_and_Tristan_da_Cunhaballs",PNG,none (saved as downloaded)
images/australiaball-image.png,australia,Australia,image,https://static.wikitide.net/polandballwiki/thumb/b/b6/Australia_Transparent.png/600px-Australia_Transparent.png,https://polandball.miraheze.org/wiki/Australiaball,PNG,none (saved as downloaded)
images/austriaball-image.png,austria,Austria,image,https://static.wikitide.net/polandballwiki/6/68/Kaliningrad_General_-_Austria.png,https://polandball.miraheze.org/wiki/Austriaball,PNG,none (saved as downloaded)
images/azerbaijanball-image.png,azerbaijan,Azerbaijan,image,https://static.wikitide.net/polandballwiki/thumb/0/06/Azerbaijan_card.png/600px-Azerbaijan_card.png,https://polandball.miraheze.org/wiki/Azerbaijanball,PNG,none (saved as downloaded)
images/bahamasball-image.png,bahamas,Bahamas,image,https://static.wikitide.net/polandballwiki/8/8a/TGC-Bahamas.png,https://polandball.miraheze.org/wiki/Bahamasball,PNG,none (saved as downloaded)
images/bahrainball-image.png,bahrain,Bahrain,image,https://static.wikitide.net/polandballwiki/thumb/6/6a/Byz-Crazy_Rich.png/600px-Byz-Crazy_Rich.png,https://polandball.miraheze.org/wiki/Bahrainball,PNG,none (saved as downloaded)
images/bangladeshball-image.png,bangladesh,Bangladesh,image,https://static.wikitide.net/polandballwiki/thumb/5/53/Untitled123_20200804152022.png/600px-Untitled123_20200804152022.png,https://polandball.miraheze.org/wiki/Bangladeshball,PNG,none (saved as downloaded)
images/barbadosball-image.png,barbados,Barbados,image,https://static.wikitide.net/polandballwiki/thumb/f/ff/Barbados.png/600px-Barbados.png,https://polandball.miraheze.org/wiki/Barbadosball,PNG,none (saved as downloaded)
images/basque-countryball-image.png,basque-country,Basque Country,image,https://static.wikitide.net/polandballwiki/thumb/7/70/Spicy-Meatball_-_Can_Basque_Into_Independentzia.png/600px-Spicy-Meatball_-_Can_Basque_Into_Independentzia.png,https://polandball.miraheze.org/wiki/Basqueball,PNG,none (saved as downloaded)
images/belarusball-image.png,belarus,Belarus,image,https://static.wikitide.net/polandballwiki/thumb/6/68/Canadia1905_-_Belarus.png/599px-Canadia1905_-_Belarus.png,https://polandball.miraheze.org/wiki/Belarusball,PNG,none (saved as downloaded)
images/belgiumball-image.png,belgium,Belgium,image,https://static.wikitide.net/polandballwiki/thumb/a/a0/Michael_nagik_-_Belgian_National_Day.png/600px-Michael_nagik_-_Belgian_National_Day.png,https://polandball.miraheze.org/wiki/Belgiumball,PNG,none (saved as downloaded)
images/belizeball-image.png,belize,Belize,image,https://static.wikitide.net/polandballwiki/thumb/a/a9/InnerAgentZ_-_Belize.png/600px-InnerAgentZ_-_Belize.png,https://polandball.miraheze.org/wiki/Belizeball,PNG,none (saved as downloaded)
images/beninball-image.png,benin,Benin,image,https://static.wikitide.net/polandballwiki/b/b8/KalG_-_Benin.png,https://polandball.miraheze.org/wiki/Beninball,PNG,none (saved as downloaded)
images/bhutanball-image.png,bhutan,Bhutan,image,https://static.wikitide.net/polandballwiki/thumb/3/3a/Byz-Crazy_Monk.png/599px-Byz-Crazy_Monk.png,https://polandball.miraheze.org/wiki/Bhutanball,PNG,none (saved as downloaded)
images/boliviaball-image.png,bolivia,Bolivia,image,https://static.wikitide.net/polandballwiki/thumb/1/13/Bolivia_Sr-ximb.png/599px-Bolivia_Sr-ximb.png,https://polandball.miraheze.org/wiki/Boliviaball,PNG,none (saved as downloaded)
images/bonaireball-image.png,bonaire,Bonaire,image,https://static.wikitide.net/polandballwiki/thumb/c/c9/Thbdhfhdf345g.png/600px-Thbdhfhdf345g.png,https://polandball.miraheze.org/wiki/Bonaireball,PNG,none (saved as downloaded)
images/bosnia-and-herzegovinaball-image.png,bosnia-and-herzegovina,Bosnia & Herzegovina,image,https://static.wikitide.net/polandballwiki/thumb/a/ab/Bosnia_and_herzegoviniaball.png/600px-Bosnia_and_herzegoviniaball.png,https://polandball.miraheze.org/wiki/Bosnia_and_Herzegovinaball,PNG,none (saved as downloaded)
images/botswanaball-image.png,botswana,Botswana,image,https://static.wikitide.net/polandballwiki/thumb/b/bf/Botswana_Enhanced_Patch_mkV.png/600px-Botswana_Enhanced_Patch_mkV.png,https://polandball.miraheze.org/wiki/Botswanaball,PNG,none (saved as downloaded)
images/bougainvilleball-image.png,bougainville,Bougainville,image,https://static.wikitide.net/polandballwiki/thumb/8/8c/Hjafhkdfaskjhasd.png/599px-Hjafhkdfaskjhasd.png,https://polandball.miraheze.org/wiki/Bougainvilleball,PNG,none (saved as downloaded)
images/brazilball-image.png,brazil,Brazil,image,https://static.wikitide.net/polandballwiki/thumb/e/ed/Diictodom_-_Smoking_Snakes_Transparent.png/600px-Diictodom_-_Smoking_Snakes_Transparent.png,https://polandball.miraheze.org/wiki/Brazilball,PNG,none (saved as downloaded)
images/bruneiball-image.png,brunei,Brunei,image,https://static.wikitide.net/polandballwiki/thumb/b/b1/Brunei%27s_Crown.png/600px-Brunei%27s_Crown.png,https://polandball.miraheze.org/wiki/Bruneiball,PNG,none (saved as downloaded)
images/bulgariaball-image.png,bulgaria,Bulgaria,image,https://static.wikitide.net/polandballwiki/8/87/BulgariaTransparent.png,https://polandball.miraheze.org/wiki/Bulgariaball,PNG,none (saved as downloaded)
images/burkina-fasoball-image.png,burkina-faso,Burkina Faso,image,https://static.wikitide.net/polandballwiki/f/f0/Burkina_faso_%28countryball_catch_%27em_all%29.png,https://polandball.miraheze.org/wiki/Burkina_Fasoball,PNG,none (saved as downloaded)
images/burundiball-image.png,burundi,Burundi,image,https://static.wikitide.net/polandballwiki/thumb/7/7b/Transparentburundi.png/600px-Transparentburundi.png,https://polandball.miraheze.org/wiki/Burundiball,PNG,none (saved as downloaded)
images/cambodiaball-image.png,cambodia,Cambodia,image,https://static.wikitide.net/polandballwiki/thumb/6/6e/7SeasOfRock_-_Cambodia_in_a_Rice_Farm.png/600px-7SeasOfRock_-_Cambodia_in_a_Rice_Farm.png,https://polandball.miraheze.org/wiki/Cambodiaball,PNG,none (saved as downloaded)
images/cameroonball-image.png,cameroon,Cameroon,image,https://static.wikitide.net/polandballwiki/thumb/3/34/Mel_bell123_-_Cameroon_national_day.png/600px-Mel_bell123_-_Cameroon_national_day.png,https://polandball.miraheze.org/wiki/Cameroonball,PNG,none (saved as downloaded)
images/canadaball-image.png,canada,Canada,image,https://static.wikitide.net/polandballwiki/thumb/c/ca/Happy_Canada_Day.png/600px-Happy_Canada_Day.png,https://polandball.miraheze.org/wiki/Canadaball,PNG,none (saved as downloaded)
images/cape-verdeball-image.png,cape-verde,Cape Verde,image,https://static.wikitide.net/polandballwiki/thumb/6/6f/Cabo_Verde_I_guess.png/600px-Cabo_Verde_I_guess.png,https://polandball.miraheze.org/wiki/Cabo_Verdeball,PNG,none (saved as downloaded)
images/cataloniaball-image.png,catalonia,Catalonia,image,https://static.wikitide.net/polandballwiki/2/2d/Catalonia_new.png,https://polandball.miraheze.org/wiki/Cataloniaball,PNG,none (saved as downloaded)
images/cayman-islandsball-image.png,cayman-islands,Cayman Islands,image,https://static.wikitide.net/polandballwiki/1/13/Cayman_Islandsball.png,https://polandball.miraheze.org/wiki/Cayman_Islandsball,PNG,none (saved as downloaded)
images/central-african-republicball-image.png,central-african-republic,Central African Republic,image,https://static.wikitide.net/polandballwiki/thumb/7/78/Central_African_Rep.png/600px-Central_African_Rep.png,https://polandball.miraheze.org/wiki/Central_African_Republicball,PNG,none (saved as downloaded)
images/chadball-image.png,chad,Chad,image,https://static.wikitide.net/polandballwiki/d/d0/Kaliningrad_General_-_Chad.png,https://polandball.miraheze.org/wiki/Chadball,PNG,none (saved as downloaded)
images/chagos-islandsball-image.png,chagos-islands,Chagos Islands,image,https://static.wikitide.net/polandballwiki/3/3d/BIOTPicture.png,https://polandball.miraheze.org/wiki/British_Indian_Ocean_Territoryball,PNG,none (saved as downloaded)
images/chileball-image.png,chile,Chile,image,https://static.wikitide.net/polandballwiki/thumb/d/da/Chilly.jpg/600px-Chilly.jpg,https://polandball.miraheze.org/wiki/Chileball,JPEG,converted JPEG -> PNG
images/chinaball-image.png,china,China,image,https://static.wikitide.net/polandballwiki/thumb/4/44/A_new_year_celebrating_PRCball.jpg/599px-A_new_year_celebrating_PRCball.jpg,https://polandball.miraheze.org/wiki/Chinaball,JPEG,converted JPEG -> PNG
images/christmas-islandball-image.png,christmas-island,Christmas Island  ,image,https://static.wikitide.net/polandballwiki/thumb/9/94/Christmas_Island_by_Foxxhueee.png/600px-Christmas_Island_by_Foxxhueee.png,https://polandball.miraheze.org/wiki/Christmas_Islandball,PNG,none (saved as downloaded)
images/cocos-islandsball-image.png,cocos-islands,Cocos Islands,image,https://static.wikitide.net/polandballwiki/thumb/7/7f/On_the_Beach.png/600px-On_the_Beach.png,https://polandball.miraheze.org/wiki/Cocos_Islandsball,PNG,none (saved as downloaded)
images/colombiaball-image.png,colombia,Colombia,image,https://static.wikitide.net/polandballwiki/f/f7/ColombiaKalGen.png,https://polandball.miraheze.org/wiki/Colombiaball,PNG,none (saved as downloaded)
images/comorosball-image.png,comoros,Comoros,image,https://static.wikitide.net/polandballwiki/2/2b/Comrosball_%28By_Xavier_Animations%29.png,https://polandball.miraheze.org/wiki/Comorosball,PNG,none (saved as downloaded)
images/congoball-image.png,congo,Congo,image,https://static.wikitide.net/polandballwiki/thumb/b/bb/RepCongoTransparent.png/600px-RepCongoTransparent.png,https://polandball.miraheze.org/wiki/Congo-Brazzavilleball,PNG,none (saved as downloaded)
images/cook-islandsball-image.png,cook-islands,Cook Islands,image,https://static.wikitide.net/polandballwiki/c/cf/Cook_islands_%28countryball_catch_%27em_all%29.png,https://polandball.miraheze.org/wiki/Cook_Islandsball,PNG,none (saved as downloaded)
images/costa-ricaball-image.png,costa-rica,Costa Rica,image,https://static.wikitide.net/polandballwiki/thumb/f/ff/Costa_Ricaball_%28FB%29.png/600px-Costa_Ricaball_%28FB%29.png,https://polandball.miraheze.org/wiki/Costa_Ricaball,PNG,none (saved as downloaded)
images/croatiaball-image.png,croatia,Croatia,image,https://static.wikitide.net/polandballwiki/thumb/8/81/Lijepo.png/599px-Lijepo.png,https://polandball.miraheze.org/wiki/Croatiaball,PNG,none (saved as downloaded)
images/cubaball-image.png,cuba,Cuba,image,https://static.wikitide.net/polandballwiki/thumb/1/1d/Lahavanna_by_kaliningradgeneral-da2ea4p.png/600px-Lahavanna_by_kaliningradgeneral-da2ea4p.png,https://polandball.miraheze.org/wiki/Cubaball,PNG,none (saved as downloaded)
images/curacaoball-image.png,curacao,Curaçao,image,https://static.wikitide.net/polandballwiki/thumb/f/fa/RabbitkingCuracaoArtworkremake.png/600px-RabbitkingCuracaoArtworkremake.png,https://polandball.miraheze.org/wiki/Cura%C3%A7aoball,PNG,none (saved as downloaded)
images/cyprusball-image.png,cyprus,Cyprus,image,https://static.wikitide.net/polandballwiki/thumb/d/df/Facebook_Cyprusball_290614.jpg/600px-Facebook_Cyprusball_290614.jpg,https://polandball.miraheze.org/wiki/Cyprusball,JPEG,converted JPEG -> PNG
images/czechiaball-image.png,czechia,Czechia,image,https://static.wikitide.net/polandballwiki/thumb/6/63/GreenCrossedBall_-_Pivko_pivko.png/600px-GreenCrossedBall_-_Pivko_pivko.png,https://polandball.miraheze.org/wiki/Czechiaball,PNG,none (saved as downloaded)
images/democratic-republic-of-the-congoball-image.png,democratic-republic-of-the-congo,Democratic Republic of the Congo,image,https://static.wikitide.net/polandballwiki/e/e1/DRC_yaddar.png,https://polandball.miraheze.org/wiki/Democratic_Republic_of_the_Congoball,PNG,none (saved as downloaded)
images/denmarkball-image.png,denmark,Denmark,image,https://static.wikitide.net/polandballwiki/0/02/DanemarkKalGen.png,https://polandball.miraheze.org/wiki/Denmarkball,PNG,none (saved as downloaded)
images/djiboutiball-image.png,djibouti,Djibouti,image,https://static.wikitide.net/polandballwiki/thumb/6/63/Untitled77_20200409182753.png/600px-Untitled77_20200409182753.png,https://polandball.miraheze.org/wiki/Djiboutiball,PNG,none (saved as downloaded)
images/dominicaball-image.png,dominica,Dominica,image,https://static.wikitide.net/polandballwiki/thumb/e/e8/Cattitan_-_Dominica.png/600px-Cattitan_-_Dominica.png,https://polandball.miraheze.org/wiki/Dominicaball,PNG,none (saved as downloaded)
images/dominican-republicball-image.png,dominican-republic,Dominican Republic,image,https://static.wikitide.net/polandballwiki/thumb/0/09/Welcome_to_Santo_Domingo.png/598px-Welcome_to_Santo_Domingo.png,https://polandball.miraheze.org/wiki/Dominican_Republicball,PNG,none (saved as downloaded)
images/ecuadorball-image.png,ecuador,Ecuador,image,https://static.wikitide.net/polandballwiki/7/7f/KalG_-_Ecuador.png,https://polandball.miraheze.org/wiki/Ecuadorball,PNG,none (saved as downloaded)
images/egyptball-image.png,egypt,Egypt,image,https://static.wikitide.net/polandballwiki/thumb/8/87/Egyptball.png/599px-Egyptball.png,https://polandball.miraheze.org/wiki/Egyptball,PNG,none (saved as downloaded)
images/el-salvadorball-image.png,el-salvador,El Salvador,image,https://static.wikitide.net/polandballwiki/thumb/3/3f/El_Salvadorball_by_Costaricaball_%28Facebook%29.png/600px-El_Salvadorball_by_Costaricaball_%28Facebook%29.png,https://polandball.miraheze.org/wiki/El_Salvadorball,PNG,none (saved as downloaded)
images/englandball-image.png,england,England,image,https://static.wikitide.net/polandballwiki/thumb/a/a2/Johanis15_-_The_Discovery_of_Gravity.png/599px-Johanis15_-_The_Discovery_of_Gravity.png,https://polandball.miraheze.org/wiki/Englandball,PNG,none (saved as downloaded)
images/equatorial-guineaball-image.png,equatorial-guinea,Equatorial Guinea,image,https://static.wikitide.net/polandballwiki/thumb/d/d0/EWNcSRMU8AIPt5d.png/600px-EWNcSRMU8AIPt5d.png,https://polandball.miraheze.org/wiki/Equatorial_Guineaball,PNG,none (saved as downloaded)
images/eritreaball-image.png,eritrea,Eritrea,image,https://static.wikitide.net/polandballwiki/thumb/9/95/Taongkalye_-_Eritrean_Self_Determination.png/600px-Taongkalye_-_Eritrean_Self_Determination.png,https://polandball.miraheze.org/wiki/Eritreaball,PNG,none (saved as downloaded)
images/estoniaball-image.png,estonia,Estonia,image,https://static.wikitide.net/polandballwiki/thumb/5/5d/Sunlightflora_-_Estonia_dreams.png/600px-Sunlightflora_-_Estonia_dreams.png,https://polandball.miraheze.org/wiki/Estoniaball,PNG,none (saved as downloaded)
images/eswatiniball-image.png,eswatini,Eswatini,image,https://static.wikitide.net/polandballwiki/thumb/d/de/MarzipanBread_-_Swaziland_Changes_Its_Name_to_Eswatini.png/600px-MarzipanBread_-_Swaziland_Changes_Its_Name_to_Eswatini.png,https://polandball.miraheze.org/wiki/Eswatiniball,PNG,none (saved as downloaded)
images/ethiopiaball-image.png,ethiopia,Ethiopia,image,https://static.wikitide.net/polandballwiki/thumb/e/eb/Byz-Aethiopia.png/600px-Byz-Aethiopia.png,https://polandball.miraheze.org/wiki/Ethiopiaball,PNG,none (saved as downloaded)
images/falkland-islandsball-image.png,falkland-islands,Falkland Islands,image,https://static.wikitide.net/polandballwiki/thumb/8/88/Falklandssplit.png/599px-Falklandssplit.png,https://polandball.miraheze.org/wiki/Falkland_Islandsball,PNG,none (saved as downloaded)
images/faroe-islandsball-image.png,faroe-islands,Faroe Islands,image,https://static.wikitide.net/polandballwiki/thumb/8/8a/Faroe_islands%28fixed%29.png/600px-Faroe_islands%28fixed%29.png,https://polandball.miraheze.org/wiki/Faroe_Islandsball,PNG,none (saved as downloaded)
images/fijiball-image.png,fiji,Fiji,image,https://static.wikitide.net/polandballwiki/thumb/7/7b/Fiji.jpg/600px-Fiji.jpg,https://polandball.miraheze.org/wiki/Fijiball,JPEG,converted JPEG -> PNG
images/finlandball-image.png,finland,Finland,image,https://static.wikitide.net/polandballwiki/3/3c/Suomi2.png,https://polandball.miraheze.org/wiki/Finlandball,PNG,none (saved as downloaded)
images/franceball-image.png,france,France,image,https://static.wikitide.net/polandballwiki/thumb/5/5f/Kiss999er_-_Spring_Has_Come_to_Our_Battlefield.png/599px-Kiss999er_-_Spring_Has_Come_to_Our_Battlefield.png,https://polandball.miraheze.org/wiki/Franceball,PNG,none (saved as downloaded)
images/french-guianaball-image.png,french-guiana,French Guiana,image,https://static.wikitide.net/polandballwiki/thumb/e/ec/French_guianaball.png/600px-French_guianaball.png,https://polandball.miraheze.org/wiki/French_Guianaball,PNG,none (saved as downloaded)
images/gabonball-image.png,gabon,Gabon,image,https://static.wikitide.net/polandballwiki/thumb/2/29/Gabonball_hat.png/600px-Gabonball_hat.png,https://polandball.miraheze.org/wiki/Gabonball,PNG,none (saved as downloaded)
images/gambiaball-image.png,gambia,Gambia,image,https://static.wikitide.net/polandballwiki/b/b7/Gambiaball.jpg,https://polandball.miraheze.org/wiki/Gambiaball,JPEG,converted JPEG -> PNG
images/georgiaball-image.png,georgia,Georgia,image,https://static.wikitide.net/polandballwiki/thumb/f/fd/Byz-Crazy_Kartvelia.png/599px-Byz-Crazy_Kartvelia.png,https://polandball.miraheze.org/wiki/Georgiaball_(country),PNG,none (saved as downloaded)
images/germanyball-image.png,germany,Germany,image,https://static.wikitide.net/polandballwiki/thumb/8/86/Tottertrain_-_der_kaffee_is_cold.png/600px-Tottertrain_-_der_kaffee_is_cold.png,https://polandball.miraheze.org/wiki/Germanyball,PNG,none (saved as downloaded)
images/ghanaball-image.png,ghana,Ghana,image,https://static.wikitide.net/polandballwiki/thumb/5/50/TUOe4gx.png/600px-TUOe4gx.png,https://polandball.miraheze.org/wiki/Ghanaball,PNG,none (saved as downloaded)
images/gibraltarball-image.png,gibraltar,Gibraltar,image,https://static.wikitide.net/polandballwiki/thumb/2/20/Gibraltarball-RossNew.png/600px-Gibraltarball-RossNew.png,https://polandball.miraheze.org/wiki/Gibraltarball,PNG,none (saved as downloaded)
images/gozoball-image.png,gozo,Gozo,image,https://static.wikitide.net/polandballwiki/thumb/3/35/Gozoball_Map.png/600px-Gozoball_Map.png,https://polandball.miraheze.org/wiki/Gozoball,PNG,none (saved as downloaded)
images/greeceball-image.png,greece,Greece,image,https://static.wikitide.net/polandballwiki/3/3f/GreeceTransparent2.png,https://polandball.miraheze.org/wiki/Greeceball,PNG,none (saved as downloaded)
images/greenlandball-image.png,greenland,Greenland,image,https://static.wikitide.net/polandballwiki/thumb/d/d6/Taongkalye_-_Greenland.png/599px-Taongkalye_-_Greenland.png,https://polandball.miraheze.org/wiki/Greenlandball,PNG,none (saved as downloaded)
images/grenadaball-image.png,grenada,Grenada,image,https://static.wikitide.net/polandballwiki/7/7a/GrenadaV.png,https://polandball.miraheze.org/wiki/Grenadaball,PNG,none (saved as downloaded)
images/guadeloupeball-image.png,guadeloupe,Guadeloupe,image,https://static.wikitide.net/polandballwiki/e/e5/Guadeloupe_new.png,https://polandball.miraheze.org/wiki/Guadeloupeball,PNG,none (saved as downloaded)
images/guamball-image.png,guam,Guam,image,https://static.wikitide.net/polandballwiki/thumb/c/cb/Guam.jpg/600px-Guam.jpg,https://polandball.miraheze.org/wiki/Guamball,JPEG,converted JPEG -> PNG
images/guatemalaball-image.png,guatemala,Guatemala,image,https://static.wikitide.net/polandballwiki/thumb/d/dd/Guatemalamayaball_2.jpg/600px-Guatemalamayaball_2.jpg,https://polandball.miraheze.org/wiki/Guatemalaball,JPEG,converted JPEG -> PNG
images/guernseyball-image.png,guernsey,Guernsey,image,https://static.wikitide.net/polandballwiki/thumb/c/c5/GuernseyImage.jpg/600px-GuernseyImage.jpg,https://polandball.miraheze.org/wiki/Guernseyball,JPEG,converted JPEG -> PNG
images/guinea-bissauball-image.png,guinea-bissau,Guinea-Bissau,image,https://static.wikitide.net/polandballwiki/thumb/0/0c/GunBis.png/600px-GunBis.png,https://polandball.miraheze.org/wiki/Guinea-Bissauball,PNG,none (saved as downloaded)
images/guineaball-image.png,guinea,Guinea,image,https://static.wikitide.net/polandballwiki/6/65/NotOrangeGMF_-_Guinea_Conakry_after_coup.png,https://polandball.miraheze.org/wiki/Guineaball,PNG,none (saved as downloaded)
images/guyanaball-image.png,guyana,Guyana,image,https://static.wikitide.net/polandballwiki/thumb/0/02/Guyana_%28By_Xavier_Animations.png/600px-Guyana_%28By_Xavier_Animations.png,https://polandball.miraheze.org/wiki/Guyanaball,PNG,none (saved as downloaded)
images/haitiball-image.png,haiti,Haiti,image,https://static.wikitide.net/polandballwiki/thumb/5/5f/Kaliningrad_General_-_Midnight_Haiti_-_Haiti_Weather_Forecast.png/600px-Kaliningrad_General_-_Midnight_Haiti_-_Haiti_Weather_Forecast.png,https://polandball.miraheze.org/wiki/Haitiball,PNG,none (saved as downloaded)
images/hawaiiball-image.png,hawaii,Hawaii,image,https://static.wikitide.net/polandballwiki/thumb/b/b8/Aegician_-_Shell_Searching.png/600px-Aegician_-_Shell_Searching.png,https://polandball.miraheze.org/wiki/Hawaiiball,PNG,none (saved as downloaded)
images/hondurasball-image.png,honduras,Honduras,image,https://static.wikitide.net/polandballwiki/thumb/a/a7/CostaRicaball506_-_Hondurasball_with_Hat.png/600px-CostaRicaball506_-_Hondurasball_with_Hat.png,https://polandball.miraheze.org/wiki/Hondurasball,PNG,none (saved as downloaded)
images/hong-kongball-image.png,hong-kong,Hong Kong,image,https://static.wikitide.net/polandballwiki/thumb/a/a8/Hong_Kong_the_bustling_city.jpg/600px-Hong_Kong_the_bustling_city.jpg,https://polandball.miraheze.org/wiki/Hong_Kongball,JPEG,converted JPEG -> PNG
images/hungaryball-image.png,hungary,Hungary,image,https://static.wikitide.net/polandballwiki/5/59/HungaryTransparent.png,https://polandball.miraheze.org/wiki/Hungaryball,PNG,none (saved as downloaded)
images/icelandball-image.png,iceland,Iceland,image,https://static.wikitide.net/polandballwiki/thumb/8/8c/47574.png/600px-47574.png,https://polandball.miraheze.org/wiki/Icelandball,PNG,none (saved as downloaded)
images/indiaball-image.png,india,India,image,https://static.wikitide.net/polandballwiki/thumb/7/76/11010619_979614238717838_5592672150556764188_n.jpg/600px-11010619_979614238717838_5592672150556764188_n.jpg,https://polandball.miraheze.org/wiki/Indiaball,JPEG,converted JPEG -> PNG
images/indonesiaball-image.png,indonesia,Indonesia,image,https://static.wikitide.net/polandballwiki/thumb/e/e6/Jillyanto_-_Indonesia.jpg/600px-Jillyanto_-_Indonesia.jpg,https://polandball.miraheze.org/wiki/Indonesiaball,JPEG,converted JPEG -> PNG
images/iranball-image.png,iran,Iran,image,https://static.wikitide.net/polandballwiki/thumb/1/1f/Iranball_%281%29.png/600px-Iranball_%281%29.png,https://polandball.miraheze.org/wiki/Iranball,PNG,none (saved as downloaded)
images/iraqball-image.png,iraq,Iraq,image,https://static.wikitide.net/polandballwiki/3/35/Iraqball_-_Polandball_Cup.png,https://polandball.miraheze.org/wiki/Iraqball,PNG,none (saved as downloaded)
images/irelandball-image.png,ireland,Ireland,image,https://static.wikitide.net/polandballwiki/thumb/a/a9/Michael_nagik_-_Saint_Patrick%27s_Day.png/600px-Michael_nagik_-_Saint_Patrick%27s_Day.png,https://polandball.miraheze.org/wiki/Irelandball,PNG,none (saved as downloaded)
images/isle-of-manball-image.png,isle-of-man,Isle of Man,image,https://static.wikitide.net/polandballwiki/thumb/b/bf/Isleofman_countryball.png/600px-Isleofman_countryball.png,https://polandball.miraheze.org/wiki/Isle_of_Manball,PNG,none (saved as downloaded)
images/israelball-image.png,israel,Israel,image,https://static.wikitide.net/polandballwiki/thumb/f/f7/Roundeyes_-_Israel.png/600px-Roundeyes_-_Israel.png,https://polandball.miraheze.org/wiki/Israelcube,PNG,none (saved as downloaded)
images/italyball-image.png,italy,Italy,image,https://static.wikitide.net/polandballwiki/thumb/a/ae/KaliningradGeneralLifeOfItalyCrop.png/600px-KaliningradGeneralLifeOfItalyCrop.png,https://polandball.miraheze.org/wiki/Italyball,PNG,none (saved as downloaded)
images/ivory-coastball-image.png,ivory-coast,Ivory Coast,image,https://static.wikitide.net/polandballwiki/1/11/IvoryCoast_yaddar.png,https://polandball.miraheze.org/wiki/Ivory_Coastball,PNG,none (saved as downloaded)
images/jamaicaball-image.png,jamaica,Jamaica,image,https://static.wikitide.net/polandballwiki/8/8b/JamaicaKaliningradG.png,https://polandball.miraheze.org/wiki/Jamaicaball,PNG,none (saved as downloaded)
images/japanball-image.png,japan,Japan,image,https://static.wikitide.net/polandballwiki/thumb/6/6e/Senbonzakura.png/599px-Senbonzakura.png,https://polandball.miraheze.org/wiki/Japanball,PNG,none (saved as downloaded)
images/jerseyball-image.png,jersey,Jersey,image,https://static.wikitide.net/polandballwiki/9/9c/Jerseyball.png,https://polandball.miraheze.org/wiki/Jerseyball,PNG,none (saved as downloaded)
images/jordanball-image.png,jordan,Jordan,image,https://static.wikitide.net/polandballwiki/8/81/Daft_Lord_-_Jordan_Pride.png,https://polandball.miraheze.org/wiki/Jordanball,PNG,none (saved as downloaded)
images/kazakhstanball-image.png,kazakhstan,Kazakhstan,image,https://static.wikitide.net/polandballwiki/d/dc/KazakhstanTransparent.png,https://polandball.miraheze.org/wiki/Kazakhstanbrick,PNG,none (saved as downloaded)
images/kenyaball-image.png,kenya,Kenya,image,https://static.wikitide.net/polandballwiki/5/5c/Kenyan.png,https://polandball.miraheze.org/wiki/Kenyaball,PNG,none (saved as downloaded)
images/kiribatiball-image.png,kiribati,Kiribati,image,https://static.wikitide.net/polandballwiki/3/32/KiribatiballDAPC.png,https://polandball.miraheze.org/wiki/Kiribatiball,PNG,none (saved as downloaded)
images/kosovoball-image.png,kosovo,Kosovo,image,https://static.wikitide.net/polandballwiki/thumb/2/2e/Kosovo_by_imakefanart.png/600px-Kosovo_by_imakefanart.png,https://polandball.miraheze.org/wiki/Kosovoball,PNG,none (saved as downloaded)
images/kurdistanball-image.png,kurdistan,Kurdistan,image,https://static.wikitide.net/polandballwiki/thumb/8/82/KalGen_Kurd.png/599px-KalGen_Kurd.png,https://polandball.miraheze.org/wiki/Kurdistanball,PNG,none (saved as downloaded)
images/kuwaitball-image.png,kuwait,Kuwait,image,https://static.wikitide.net/polandballwiki/thumb/6/6c/JPEG_1578773358772_5827822085605435261.jpg/600px-JPEG_1578773358772_5827822085605435261.jpg,https://polandball.miraheze.org/wiki/Kuwaitball,JPEG,converted JPEG -> PNG
images/kyrgyzstanball-image.png,kyrgyzstan,Kyrgyzstan,image,https://static.wikitide.net/polandballwiki/thumb/1/16/KyrgyzballNewFlag.png/600px-KyrgyzballNewFlag.png,https://polandball.miraheze.org/wiki/Kyrgyzstanball,PNG,none (saved as downloaded)
images/laosball-image.png,laos,Laos,image,https://static.wikitide.net/polandballwiki/e/e6/LaosKaliningradGeneral.png,https://polandball.miraheze.org/wiki/Laosball,PNG,none (saved as downloaded)
images/latviaball-image.png,latvia,Latvia,image,https://static.wikitide.net/polandballwiki/thumb/9/94/Potato_Heaven.png/600px-Potato_Heaven.png,https://polandball.miraheze.org/wiki/Latviaball,PNG,none (saved as downloaded)
images/lebanonball-image.png,lebanon,Lebanon,image,https://static.wikitide.net/polandballwiki/thumb/6/6f/Tw20nty4our_-_Lebanon.png/600px-Tw20nty4our_-_Lebanon.png,https://polandball.miraheze.org/wiki/Lebanonball,PNG,none (saved as downloaded)
images/lesothoball-image.png,lesotho,Lesotho,image,https://static.wikitide.net/polandballwiki/thumb/1/12/Lesotho_Transparent2.png/599px-Lesotho_Transparent2.png,https://polandball.miraheze.org/wiki/Lesothoball,PNG,none (saved as downloaded)
images/liberiaball-image.png,liberia,Liberia,image,https://static.wikitide.net/polandballwiki/7/7e/LiberiaTransparent.png,https://polandball.miraheze.org/wiki/Liberiaball,PNG,none (saved as downloaded)
images/libyaball-image.png,libya,Libya,image,https://static.wikitide.net/polandballwiki/thumb/4/48/Dsemedo2008_-_Libya_%28Infobox%29.png/600px-Dsemedo2008_-_Libya_%28Infobox%29.png,https://polandball.miraheze.org/wiki/Libyaball,PNG,none (saved as downloaded)
images/liechtensteinball-image.png,liechtenstein,Liechtenstein,image,https://static.wikitide.net/polandballwiki/thumb/a/a9/Byz-Little_Light.png/599px-Byz-Little_Light.png,https://polandball.miraheze.org/wiki/Liechtensteinball,PNG,none (saved as downloaded)
images/lithuaniaball-image.png,lithuania,Lithuania,image,https://static.wikitide.net/polandballwiki/thumb/f/fe/Zao2u9rkmh971.png/600px-Zao2u9rkmh971.png,https://polandball.miraheze.org/wiki/Lithuaniaball,PNG,none (saved as downloaded)
images/luxembourgball-image.png,luxembourg,Luxembourg,image,https://static.wikitide.net/polandballwiki/thumb/d/dc/Byz-Little_Kinglet.png/599px-Byz-Little_Kinglet.png,https://polandball.miraheze.org/wiki/Luxembourgball,PNG,none (saved as downloaded)
images/macauball-image.png,macau,Macau,image,https://static.wikitide.net/polandballwiki/thumb/2/29/E325129E-12A0-4457-871F-6AF181B30809.png/600px-E325129E-12A0-4457-871F-6AF181B30809.png,https://polandball.miraheze.org/wiki/Macauball,PNG,none (saved as downloaded)
images/madagascarball-image.png,madagascar,Madagascar,image,https://static.wikitide.net/polandballwiki/4/4e/Madagascar_with_lemur_retouched.png,https://polandball.miraheze.org/wiki/Madagascarball,PNG,none (saved as downloaded)
images/malawiball-image.png,malawi,Malawi,image,https://upload.wikimedia.org/wikipedia/commons/b/b6/Malawi%27s_Hat.png,https://polandball.miraheze.org/wiki/Malawiball,PNG,none (saved as downloaded)
images/malaysiaball-image.png,malaysia,Malaysia,image,https://static.wikitide.net/polandballwiki/thumb/c/cf/Nonoi72_-_Teh_Tarik.png/599px-Nonoi72_-_Teh_Tarik.png,https://polandball.miraheze.org/wiki/Malaysiaball,PNG,none (saved as downloaded)
images/maldivesball-image.png,maldives,Maldives,image,https://static.wikitide.net/polandballwiki/thumb/2/28/Tiny_Waves.png/599px-Tiny_Waves.png,https://polandball.miraheze.org/wiki/Maldivesball,PNG,none (saved as downloaded)
images/maliball-image.png,mali,Mali,image,https://static.wikitide.net/polandballwiki/6/6d/MaliballSad.png,https://polandball.miraheze.org/wiki/Maliball,PNG,none (saved as downloaded)
images/maltaball-image.png,malta,Malta,image,https://static.wikitide.net/polandballwiki/3/34/Hospitaller_order_of_malta_by_kaliningradgeneral.png,https://polandball.miraheze.org/wiki/Maltaball,PNG,none (saved as downloaded)
images/marshall-islandsball-image.png,marshall-islands,Marshall Islands,image,https://static.wikitide.net/polandballwiki/e/ed/Marshall_islands_123.png,https://polandball.miraheze.org/wiki/Marshall_Islandsball,PNG,none (saved as downloaded)
images/martiniqueball-image.png,martinique,Martinique,image,https://static.wikitide.net/polandballwiki/thumb/5/51/Martinique.png/600px-Martinique.png,https://polandball.miraheze.org/wiki/Martiniqueball,PNG,none (saved as downloaded)
images/mauritaniaball-image.png,mauritania,Mauritania,image,https://static.wikitide.net/polandballwiki/6/63/Untitled-1502118107.png,https://polandball.miraheze.org/wiki/Mauritaniaball,PNG,none (saved as downloaded)
images/mauritiusball-image.png,mauritius,Mauritius,image,https://static.wikitide.net/polandballwiki/thumb/f/f3/Mauritius_by_Unknown.png/600px-Mauritius_by_Unknown.png,https://polandball.miraheze.org/wiki/Mauritiusball,PNG,none (saved as downloaded)
images/mayotteball-image.png,mayotte,Mayotte,image,https://static.wikitide.net/polandballwiki/c/cc/D%C3%A9partement_de_Mayotte.png,https://polandball.miraheze.org/wiki/Mayotteball,PNG,none (saved as downloaded)
images/mexicoball-image.png,mexico,Mexico,image,https://static.wikitide.net/polandballwiki/thumb/e/ec/LeoLevahnMexico.png/600px-LeoLevahnMexico.png,https://polandball.miraheze.org/wiki/Mexicoball,PNG,none (saved as downloaded)
images/micronesiaball-image.png,micronesia,Micronesia,image,https://static.wikitide.net/polandballwiki/thumb/a/aa/NorwegianNoiseMaker_Micronesia.png/600px-NorwegianNoiseMaker_Micronesia.png,https://polandball.miraheze.org/wiki/Micronesiaball,PNG,none (saved as downloaded)
images/moldovaball-image.png,moldova,Moldova,image,https://static.wikitide.net/polandballwiki/2/2f/Victorykael_requestt.png,https://polandball.miraheze.org/wiki/Moldovaball,PNG,none (saved as downloaded)
images/monacoball-image.png,monaco,Monaco,image,https://thumb.wikimedia.org/wikipedia/commons/thumb/e/eb/Monacoball.png/960px-Monacoball.png,https://polandball.miraheze.org/wiki/Monacoball,PNG,none (saved as downloaded)
images/mongoliaball-image.png,mongolia,Mongolia,image,https://static.wikitide.net/polandballwiki/thumb/6/6e/Waking_up_to_a_field_of_wildflowers.png/598px-Waking_up_to_a_field_of_wildflowers.png,https://polandball.miraheze.org/wiki/Mongoliaball,PNG,none (saved as downloaded)
images/montenegroball-image.png,montenegro,Montenegro,image,https://static.wikitide.net/polandballwiki/thumb/6/66/Unknown_-_Montenegro.jpg/600px-Unknown_-_Montenegro.jpg,https://polandball.miraheze.org/wiki/Montenegroball,JPEG,converted JPEG -> PNG
images/montserratball-image.png,montserrat,Montserrat,image,https://static.wikitide.net/polandballwiki/a/af/Montserratball.png,https://polandball.miraheze.org/wiki/Montserratball,PNG,none (saved as downloaded)
images/moroccoball-image.png,morocco,Morocco,image,https://static.wikitide.net/polandballwiki/thumb/6/62/Moroccan_Night.png/600px-Moroccan_Night.png,https://polandball.miraheze.org/wiki/Moroccoball,PNG,none (saved as downloaded)
images/mozambiqueball-image.png,mozambique,Mozambique,image,https://static.wikitide.net/polandballwiki/1/10/Mtcat-Mozambique.png,https://polandball.miraheze.org/wiki/Mozambiqueball,PNG,none (saved as downloaded)
images/myanmarball-image.png,myanmar,Myanmar,image,https://static.wikitide.net/polandballwiki/thumb/f/f4/GoLianGo_-_Myanmar_navy.jpg/600px-GoLianGo_-_Myanmar_navy.jpg,https://polandball.miraheze.org/wiki/Myanmarball,JPEG,converted JPEG -> PNG
images/namibiaball-image.png,namibia,Namibia,image,https://static.wikitide.net/polandballwiki/thumb/6/63/Namibiaball_%28Xavier_Animations%29.png/599px-Namibiaball_%28Xavier_Animations%29.png,https://polandball.miraheze.org/wiki/Namibiaball,PNG,none (saved as downloaded)
images/nauruball-image.png,nauru,Nauru,image,https://static.wikitide.net/polandballwiki/thumb/5/5a/Nauruball2.jpg/600px-Nauruball2.jpg,https://polandball.miraheze.org/wiki/Nauruball,JPEG,converted JPEG -> PNG
images/nepalball-image.png,nepal,Nepal,image,https://static.wikitide.net/polandballwiki/d/d1/NepalTransparent.png,https://polandball.miraheze.org/wiki/Nepalrawr,PNG,none (saved as downloaded)
images/netherlandsball-image.png,netherlands,Netherlands,image,https://static.wikitide.net/polandballwiki/thumb/b/b6/Michael_nagik_-_FijneKoningsdag.png/600px-Michael_nagik_-_FijneKoningsdag.png,https://polandball.miraheze.org/wiki/Netherlandsball,PNG,none (saved as downloaded)
images/new-caledoniaball-image.png,new-caledonia,New Caledonia,image,https://static.wikitide.net/polandballwiki/thumb/0/0c/New_Caledonia_%28Patch%29.png/600px-New_Caledonia_%28Patch%29.png,https://polandball.miraheze.org/wiki/New_Caledoniaball,PNG,none (saved as downloaded)
images/new-zealandball-image.png,new-zealand,New Zealand,image,https://static.wikitide.net/polandballwiki/thumb/6/6e/NewZealandTransparent.png/599px-NewZealandTransparent.png,https://polandball.miraheze.org/wiki/New_Zealandball,PNG,none (saved as downloaded)
images/nicaraguaball-image.png,nicaragua,Nicaragua,image,https://static.wikitide.net/polandballwiki/thumb/3/34/Nica_Nica.png/600px-Nica_Nica.png,https://polandball.miraheze.org/wiki/Nicaraguaball,PNG,none (saved as downloaded)
images/nigerball-image.png,niger,Niger,image,https://static.wikitide.net/polandballwiki/thumb/f/fb/Nigerball_by_Chamomilez.png/600px-Nigerball_by_Chamomilez.png,https://polandball.miraheze.org/wiki/Nigerball,PNG,none (saved as downloaded)
images/nigeriaball-image.png,nigeria,Nigeria,image,https://static.wikitide.net/polandballwiki/thumb/5/57/Scam_Scam.png/600px-Scam_Scam.png,https://polandball.miraheze.org/wiki/Nigeriaball,PNG,none (saved as downloaded)
images/niueball-image.png,niue,Niue,image,https://static.wikitide.net/polandballwiki/thumb/b/b4/Refreshing_%28Polandballart%29.png/600px-Refreshing_%28Polandballart%29.png,https://polandball.miraheze.org/wiki/Niueball,PNG,none (saved as downloaded)
images/norfolk-islandball-image.png,norfolk-island,Norfolk Island,image,https://static.wikitide.net/polandballwiki/c/c1/Norfolkisland.png,https://polandball.miraheze.org/wiki/Norfolk_Islandball,PNG,none (saved as downloaded)
images/north-koreaball-image.png,north-korea,North Korea,image,https://static.wikitide.net/polandballwiki/thumb/c/c1/Sunlightflora_-_Military_Prosperity.png/599px-Sunlightflora_-_Military_Prosperity.png,https://polandball.miraheze.org/wiki/North_Koreaball,PNG,none (saved as downloaded)
images/north-macedoniaball-image.gif,north-macedonia,North Macedonia,image,https://static.wikitide.net/polandballwiki/8/82/FYROMball_by_Nagika.gif,https://polandball.miraheze.org/wiki/North_Macedoniaball,GIF,"none (GIF kept as GIF, animation intact)"
images/northern-cyprusball-image.png,northern-cyprus,Northern Cyprus,image,https://static.wikitide.net/polandballwiki/thumb/a/ac/Northernn_Cyprus.png/599px-Northernn_Cyprus.png,https://polandball.miraheze.org/wiki/Northern_Cyprusball,PNG,none (saved as downloaded)
images/northern-irelandball-image.png,northern-ireland,Northern Ireland,image,https://static.wikitide.net/polandballwiki/0/01/Northern_Irish.png,https://polandball.miraheze.org/wiki/Northern_Irelandball,PNG,none (saved as downloaded)
images/northern-mariana-islandsball-image.png,northern-mariana-islands,Northern Mariana Islands,image,https://static.wikitide.net/polandballwiki/thumb/b/ba/Northern_Mariana_IslandsballBestWorldlife.png/599px-Northern_Mariana_IslandsballBestWorldlife.png,https://polandball.miraheze.org/wiki/Northern_Mariana_Islandsball,PNG,none (saved as downloaded)
images/norwayball-image.png,norway,Norway,image,https://static.wikitide.net/polandballwiki/thumb/0/04/NorwaybyByz.png/600px-NorwaybyByz.png,https://polandball.miraheze.org/wiki/Norwayball,PNG,none (saved as downloaded)
images/omanball-image.png,oman,Oman,image,https://static.wikitide.net/polandballwiki/thumb/2/27/Oman.png/600px-Oman.png,https://polandball.miraheze.org/wiki/Omanball,PNG,none (saved as downloaded)
images/pakistanball-image.gif,pakistan,Pakistan,image,https://static.wikitide.net/polandballwiki/c/c3/Pakistangifbetter.gif,https://polandball.miraheze.org/wiki/Pakistanball,GIF,"none (GIF kept as GIF, animation intact)"
images/palauball-image.png,palau,Palau,image,https://static.wikitide.net/polandballwiki/thumb/7/7b/RwlVO9l.png/600px-RwlVO9l.png,https://polandball.miraheze.org/wiki/Palauball,PNG,none (saved as downloaded)
images/palestineball-image.png,palestine,Palestine,image,https://static.wikitide.net/polandballwiki/thumb/c/c7/CountryCryptid_-_Palestine_Harvesting_the_Wheat.png/600px-CountryCryptid_-_Palestine_Harvesting_the_Wheat.png,https://polandball.miraheze.org/wiki/Palestineball,PNG,none (saved as downloaded)
images/panamaball-image.png,panama,Panama,image,https://static.wikitide.net/polandballwiki/thumb/c/c9/Lil_panama.jpeg/600px-Lil_panama.jpeg,https://polandball.miraheze.org/wiki/Panamaball,JPEG,converted JPEG -> PNG
images/papua-new-guineaball-image.png,papua-new-guinea,Papua New Guinea,image,https://static.wikitide.net/polandballwiki/thumb/9/90/Papua_New_Guinea_by_Majunga.png/600px-Papua_New_Guinea_by_Majunga.png,https://polandball.miraheze.org/wiki/Papua_New_Guineaball,PNG,none (saved as downloaded)
images/paraguayball-image.png,paraguay,Paraguay,image,https://static.wikitide.net/polandballwiki/thumb/c/cd/Paraguay1.png/600px-Paraguay1.png,https://polandball.miraheze.org/wiki/Paraguayball,PNG,none (saved as downloaded)
images/peruball-image.png,peru,Peru,image,https://static.wikitide.net/polandballwiki/d/d8/Kuraudia_-_Peru.jpeg,https://polandball.miraheze.org/wiki/Peruball,JPEG,converted JPEG -> PNG
images/philippinesball-image.png,philippines,Philippines,image,https://static.wikitide.net/polandballwiki/thumb/f/f6/Taongkalye_-_One_Sunny_Afternoon.png/600px-Taongkalye_-_One_Sunny_Afternoon.png,https://polandball.miraheze.org/wiki/Philippinesball,PNG,none (saved as downloaded)
images/polandball-image.png,poland,Poland,image,https://static.wikitide.net/polandballwiki/thumb/4/48/Tiberrrr_-_Strolling_Around.png/600px-Tiberrrr_-_Strolling_Around.png,https://polandball.miraheze.org/wiki/Polandball,PNG,none (saved as downloaded)
images/portugalball-image.png,portugal,Portugal,image,https://static.wikitide.net/polandballwiki/7/7e/PTfado.png,https://polandball.miraheze.org/wiki/Portugalball,PNG,none (saved as downloaded)
images/puerto-ricoball-image.png,puerto-rico,Puerto Rico,image,https://static.wikitide.net/polandballwiki/d/da/PuertoRico.png,https://polandball.miraheze.org/wiki/Puerto_Ricoball,PNG,none (saved as downloaded)
images/qatarball-image.png,qatar,Qatar,image,https://static.wikitide.net/polandballwiki/thumb/0/0c/2CA891AB-EADF-4FB0-9C9B-63A306DD869B.jpeg/600px-2CA891AB-EADF-4FB0-9C9B-63A306DD869B.jpeg,https://polandball.miraheze.org/wiki/Qatarball,JPEG,converted JPEG -> PNG
images/romaniaball-image.png,romania,Romania,image,https://static.wikitide.net/polandballwiki/thumb/d/d3/43985493_498325087346604_2322620596476468253_n.jpg/600px-43985493_498325087346604_2322620596476468253_n.jpg,https://polandball.miraheze.org/wiki/Romaniaball,JPEG,converted JPEG -> PNG
images/russiaball-image.png,russia,Russia,image,https://static.wikitide.net/polandballwiki/thumb/1/16/Ice_hockey_federation_of_russia_by_kaliningradgeneral_dbkix5y.png/600px-Ice_hockey_federation_of_russia_by_kaliningradgeneral_dbkix5y.png,https://polandball.miraheze.org/wiki/Russiaball,PNG,none (saved as downloaded)
images/rwandaball-image.png,rwanda,Rwanda,image,https://static.wikitide.net/polandballwiki/9/9e/Rwanda_yes.png,https://polandball.miraheze.org/wiki/Rwandaball,PNG,none (saved as downloaded)
images/sababall-image.png,saba,Saba,image,https://static.wikitide.net/polandballwiki/0/01/Sababall-by-SIB.png,https://polandball.miraheze.org/wiki/Sababall,PNG,none (saved as downloaded)
images/saint-helenaball-image.png,saint-helena,Saint Helena,image,https://static.wikitide.net/polandballwiki/3/3d/Ukcutoff.png,https://polandball.miraheze.org/wiki/Saint_Helenaball,PNG,none (saved as downloaded)
images/saint-kitts-and-nevisball-image.png,saint-kitts-and-nevis,Saint Kitts and Nevis,image,https://static.wikitide.net/polandballwiki/thumb/8/88/Baden_-_Saint_Kitts_and_Nevis.jpg/600px-Baden_-_Saint_Kitts_and_Nevis.jpg,https://polandball.miraheze.org/wiki/Saint_Kitts_and_Nevisball,JPEG,converted JPEG -> PNG
images/saint-luciaball-image.png,saint-lucia,Saint Lucia,image,https://static.wikitide.net/polandballwiki/1/1d/Santa_Luc%C3%ADa.png,https://polandball.miraheze.org/wiki/Saint_Luciaball,PNG,none (saved as downloaded)
images/saint-martinball-image.png,saint-martin,Saint-Martin,image,https://static.wikitide.net/polandballwiki/thumb/9/92/SaintMartins.png/600px-SaintMartins.png,https://polandball.miraheze.org/wiki/Saint-Martinball,PNG,none (saved as downloaded)
images/saint-pierre-and-miquelonball-image.png,saint-pierre-and-miquelon,Saint Pierre and Miquelon,image,https://static.wikitide.net/polandballwiki/f/f8/Mtcat-St.P.%26M..png,https://polandball.miraheze.org/wiki/Saint_Pierre_and_Miquelonball,PNG,none (saved as downloaded)
images/saint-vincent-and-grenadinesball-image.png,saint-vincent-and-grenadines,Saint Vincent and the Grenadines,image,https://static.wikitide.net/polandballwiki/5/5f/VincentinTheGrenadines.svg,https://polandball.miraheze.org/wiki/Saint_Vincent_and_the_Grenadinesball,SVG,rendered to PNG with headless Chrome
images/san-marinoball-image.png,san-marino,San Marino,image,https://static.wikitide.net/polandballwiki/4/4c/SanMarinoTransparent.png,https://polandball.miraheze.org/wiki/San_Marinoball,PNG,none (saved as downloaded)
images/sao-tome-and-principeball-image.png,sao-tome-and-principe,São Tomé and Príncipe,image,https://static.wikitide.net/polandballwiki/thumb/f/f8/%D0%AFGAY_-_Sao_Tome_and_Principe.jpg/600px-%D0%AFGAY_-_Sao_Tome_and_Principe.jpg,https://polandball.miraheze.org/wiki/S%C3%A3o_Tom%C3%A9_and_Pr%C3%ADncipeball,JPEG,converted JPEG -> PNG
images/saudi-arabiaball-image.png,saudi-arabia,Saudi Arabia,image,https://static.wikitide.net/polandballwiki/6/66/SaudiArab.png,https://polandball.miraheze.org/wiki/Saudi_Arabiaball,PNG,none (saved as downloaded)
images/scotlandball-image.png,scotland,Scotland,image,https://static.wikitide.net/polandballwiki/4/4d/Kaliningrad_General_-_Scotland_the_Brave.png,https://polandball.miraheze.org/wiki/Scotlandball,PNG,none (saved as downloaded)
images/senegalball-image.png,senegal,Senegal,image,https://static.wikitide.net/polandballwiki/thumb/6/6e/SenegalTransparent.png/599px-SenegalTransparent.png,https://polandball.miraheze.org/wiki/Senegalball,PNG,none (saved as downloaded)
images/serbiaball-image.png,serbia,Serbia,image,https://static.wikitide.net/polandballwiki/thumb/b/b1/SerbiabyNagika.png/600px-SerbiabyNagika.png,https://polandball.miraheze.org/wiki/Serbiaball,PNG,none (saved as downloaded)
images/seychellesball-image.png,seychelles,Seychelles,image,https://static.wikitide.net/polandballwiki/9/99/Koikoikoibtd52_-_scuba_diving_in_the_coral_reef.png,https://polandball.miraheze.org/wiki/Seychellesball,PNG,none (saved as downloaded)
images/sierra-leoneball-image.png,sierra-leone,Sierra Leone,image,https://static.wikitide.net/polandballwiki/d/d6/Ieiebolafraiere.png,https://polandball.miraheze.org/wiki/Sierra_Leoneball,PNG,none (saved as downloaded)
images/singaporeball-image.png,singapore,Singapore,image,https://static.wikitide.net/polandballwiki/thumb/1/19/5yctnkly98g71.png/600px-5yctnkly98g71.png,https://polandball.miraheze.org/wiki/Tringapore,PNG,none (saved as downloaded)
images/sint-eustatiusball-image.png,sint-eustatius,Sint Eustatius,image,https://static.wikitide.net/polandballwiki/d/d7/SintEustatiusByRabbitKing.png,https://polandball.miraheze.org/wiki/Sint_Eustatiusball,PNG,none (saved as downloaded)
images/sint-maartenball-image.png,sint-maarten,Sint Maarten,image,https://static.wikitide.net/polandballwiki/thumb/4/4d/Ehyhuturytt.png/600px-Ehyhuturytt.png,https://polandball.miraheze.org/wiki/Sint_Maartenball,PNG,none (saved as downloaded)
images/slovakiaball-image.png,slovakia,Slovakia,image,https://static.wikitide.net/polandballwiki/thumb/8/88/SlovakiaHHH.jpeg/599px-SlovakiaHHH.jpeg,https://polandball.miraheze.org/wiki/Slovakiaball,JPEG,converted JPEG -> PNG
images/sloveniaball-image.png,slovenia,Slovenia,image,https://static.wikitide.net/polandballwiki/thumb/d/da/Sloveniaball.ww1.png/599px-Sloveniaball.ww1.png,https://polandball.miraheze.org/wiki/Sloveniaball,PNG,none (saved as downloaded)
images/solomon-islandsball-image.png,solomon-islands,Solomon Islands,image,https://static.wikitide.net/polandballwiki/thumb/b/b0/A_Night%27s_Stroll.png/600px-A_Night%27s_Stroll.png,https://polandball.miraheze.org/wiki/Solomon_Islandsball,PNG,none (saved as downloaded)
images/somaliaball-image.png,somalia,Somalia,image,https://static.wikitide.net/polandballwiki/thumb/4/48/Michael_nagik_-_Space_Pirates.png/598px-Michael_nagik_-_Space_Pirates.png,https://polandball.miraheze.org/wiki/Somaliaball,PNG,none (saved as downloaded)
images/somalilandball-image.png,somaliland,Somaliland,image,https://static.wikitide.net/polandballwiki/0/08/SomalilandTransparent.png,https://polandball.miraheze.org/wiki/Somalilandball,PNG,none (saved as downloaded)
images/south-africaball-image.png,south-africa,South Africa,image,https://static.wikitide.net/polandballwiki/8/84/SouthAfricaTransparent.png,https://polandball.miraheze.org/wiki/South_Africaball,PNG,none (saved as downloaded)
images/south-koreaball-image.png,south-korea,South Korea,image,https://static.wikitide.net/polandballwiki/thumb/4/43/Sunlightflora_-_SouthKorea.png/600px-Sunlightflora_-_SouthKorea.png,https://polandball.miraheze.org/wiki/South_Koreaball,PNG,none (saved as downloaded)
images/south-ossetiaball-image.png,south-ossetia,South Ossetia,image,https://static.wikitide.net/polandballwiki/thumb/f/f6/Facebook_SouthOssetiaball_280613.jpg/600px-Facebook_SouthOssetiaball_280613.jpg,https://polandball.miraheze.org/wiki/South_Ossetiaball,JPEG,converted JPEG -> PNG
images/south-sudanball-image.png,south-sudan,South Sudan,image,https://static.wikitide.net/polandballwiki/3/30/South_Sudan_Oyee%21.png,https://polandball.miraheze.org/wiki/South_Sudanball,PNG,none (saved as downloaded)
images/spainball-image.png,spain,Spain,image,https://static.wikitide.net/polandballwiki/c/c3/ImNotKeqing_-_Life_is_Made_of_Carnations.png,https://polandball.miraheze.org/wiki/Spainball,PNG,none (saved as downloaded)
images/sri-lankaball-image.png,sri-lanka,Sri Lanka,image,https://static.wikitide.net/polandballwiki/thumb/8/8d/Btfvf_-_Sea.png/600px-Btfvf_-_Sea.png,https://polandball.miraheze.org/wiki/Sri_Lankaball,PNG,none (saved as downloaded)
images/sudanball-image.png,sudan,Sudan,image,https://static.wikitide.net/polandballwiki/thumb/8/84/WeWuzKangz.png/600px-WeWuzKangz.png,https://polandball.miraheze.org/wiki/Sudanball,PNG,none (saved as downloaded)
images/surinameball-image.png,suriname,Suriname,image,https://static.wikitide.net/polandballwiki/thumb/1/1e/Icariaball_-_Tucan.png/600px-Icariaball_-_Tucan.png,https://polandball.miraheze.org/wiki/Surinameball,PNG,none (saved as downloaded)
images/swedenball-image.png,sweden,Sweden,image,https://static.wikitide.net/polandballwiki/6/63/StormaktstidenTransparent.png,https://polandball.miraheze.org/wiki/Swedenball,PNG,none (saved as downloaded)
images/switzerlandball-image.png,switzerland,Switzerland,image,https://static.wikitide.net/polandballwiki/thumb/5/54/Not_hussar_-_switzerland_in_an_alpine_meadow.png/600px-Not_hussar_-_switzerland_in_an_alpine_meadow.png,https://polandball.miraheze.org/wiki/Switzerlandball,PNG,none (saved as downloaded)
images/syriaball-image.png,syria,Syria,image,https://static.wikitide.net/polandballwiki/thumb/5/57/Smart_Chapter_7512_-_Syria.png/599px-Smart_Chapter_7512_-_Syria.png,https://polandball.miraheze.org/wiki/Syriaball,PNG,none (saved as downloaded)
images/tahitiball-image.png,tahiti,Tahiti,image,https://static.wikitide.net/polandballwiki/thumb/e/e4/Dmitry_Larin_-_French_Polynesia.jpeg/600px-Dmitry_Larin_-_French_Polynesia.jpeg,https://polandball.miraheze.org/wiki/French_Polynesiaball,JPEG,converted JPEG -> PNG
images/taiwanball-image.png,taiwan,Taiwan,image,https://static.wikitide.net/polandballwiki/thumb/5/55/Nalali_-_9000likes.png/600px-Nalali_-_9000likes.png,https://polandball.miraheze.org/wiki/Taiwanball,PNG,none (saved as downloaded)
images/tajikistanball-image.png,tajikistan,Tajikistan,image,https://static.wikitide.net/polandballwiki/thumb/2/23/E4235B49-23FA-4AED-9564-80F5E727F900.png/600px-E4235B49-23FA-4AED-9564-80F5E727F900.png,https://polandball.miraheze.org/wiki/Tajikistanball,PNG,none (saved as downloaded)
images/tanzaniaball-image.png,tanzania,Tanzania,image,https://static.wikitide.net/polandballwiki/5/57/TanzaniaBitter.png,https://polandball.miraheze.org/wiki/Tanzaniaball,PNG,none (saved as downloaded)
images/thailandball-image.png,thailand,Thailand,image,https://static.wikitide.net/polandballwiki/thumb/9/94/The_Youkai_of_Oarfishes.png/600px-The_Youkai_of_Oarfishes.png,https://polandball.miraheze.org/wiki/Thailandball,PNG,none (saved as downloaded)
images/tibetball-image.png,tibet,Tibet,image,https://static.wikitide.net/polandballwiki/thumb/a/a1/Tibet_and_road.png/600px-Tibet_and_road.png,https://polandball.miraheze.org/wiki/Tibetball,PNG,none (saved as downloaded)
images/timor-lesteball-image.png,timor-leste,Timor-Leste,image,https://static.wikitide.net/polandballwiki/thumb/9/96/Byz-Crazy_Colonialism.png/599px-Byz-Crazy_Colonialism.png,https://polandball.miraheze.org/wiki/Timor-Lesteball,PNG,none (saved as downloaded)
images/togoball-image.png,togo,Togo,image,https://static.wikitide.net/polandballwiki/1/12/KalG_-_Togo.png,https://polandball.miraheze.org/wiki/Togoball,PNG,none (saved as downloaded)
images/tokelauball-image.png,tokelau,Tokelau,image,https://static.wikitide.net/polandballwiki/8/86/Tokelauball1.png,https://polandball.miraheze.org/wiki/Tokelauball,PNG,none (saved as downloaded)
images/tongaball-image.png,tonga,Tonga,image,https://static.wikitide.net/polandballwiki/thumb/1/15/TongaBall_%28CountryBall_and_Flag_Map%29.png/600px-TongaBall_%28CountryBall_and_Flag_Map%29.png,https://polandball.miraheze.org/wiki/Tongaball,PNG,none (saved as downloaded)
images/transnistriaball-image.png,transnistria,Transnistria,image,https://static.wikitide.net/polandballwiki/thumb/c/c5/Transnistriaballl.png/600px-Transnistriaballl.png,https://polandball.miraheze.org/wiki/Transnistriaball,PNG,none (saved as downloaded)
images/trinidad-and-tobagoball-image.png,trinidad-and-tobago,Trinidad & Tobago,image,https://static.wikitide.net/polandballwiki/2/20/Trilevant.png,https://polandball.miraheze.org/wiki/Trinidad_and_Tobagoball,PNG,none (saved as downloaded)
images/tristan-da-cunhaball-image.png,tristan-da-cunha,Tristan da Cunha,image,https://static.wikitide.net/polandballwiki/3/3d/Ukcutoff.png,https://polandball.miraheze.org/wiki/Saint_Helenaball%2C_Ascensionball_and_Tristan_da_Cunhaballs,PNG,none (saved as downloaded)
images/tunisiaball-image.png,tunisia,Tunisia,image,https://static.wikitide.net/polandballwiki/0/05/Fished0621_-_Tunisia.png,https://polandball.miraheze.org/wiki/Tunisiaball,PNG,none (saved as downloaded)
images/turkeyball-image.png,turkey,Turkey,image,https://static.wikitide.net/polandballwiki/2/2c/TpTdChBZwA-8.png,https://polandball.miraheze.org/wiki/Turkeyball,PNG,none (saved as downloaded)
images/turkmenistanball-image.png,turkmenistan,Turkmenistan,image,https://static.wikitide.net/polandballwiki/thumb/8/82/7SeasOfRock_-_The_Gates_of_Hell_Crater.png/600px-7SeasOfRock_-_The_Gates_of_Hell_Crater.png,https://polandball.miraheze.org/wiki/Turkmenistanball,PNG,none (saved as downloaded)
images/turks-and-caicos-islandsball-image.png,turks-and-caicos-islands,Turks & Caicos Islands,image,https://static.wikitide.net/polandballwiki/thumb/4/4e/Turks_and_Caicos_Islands_by_Taha_Banoglu.png/600px-Turks_and_Caicos_Islands_by_Taha_Banoglu.png,https://polandball.miraheze.org/wiki/Turks_and_Caicosball,PNG,none (saved as downloaded)
images/tuvaluball-image.png,tuvalu,Tuvalu,image,https://static.wikitide.net/polandballwiki/thumb/3/33/A1pcm_-_Collecting_the_Dues.png/600px-A1pcm_-_Collecting_the_Dues.png,https://polandball.miraheze.org/wiki/Tuvaluball,PNG,none (saved as downloaded)
images/uaeball-image.png,uae,United Arab Emirates,image,https://static.wikitide.net/polandballwiki/f/f1/UAEinDubaibyPhilamerica.Ball.jpg,https://polandball.miraheze.org/wiki/United_Arab_Emiratesball,JPEG,converted JPEG -> PNG
images/ugandaball-image.png,uganda,Uganda,image,https://static.wikitide.net/polandballwiki/7/70/Brain4breakfast_-_Uganda_Sunset.png,https://polandball.miraheze.org/wiki/Ugandaball,PNG,none (saved as downloaded)
images/ukraineball-image.png,ukraine,Ukraine,image,https://static.wikitide.net/polandballwiki/thumb/b/b2/UkraineAirForcesDay.png/600px-UkraineAirForcesDay.png,https://polandball.miraheze.org/wiki/Ukraineball,PNG,none (saved as downloaded)
images/united-kingdomball-image.png,united-kingdom,United Kingdom,image,https://static.wikitide.net/polandballwiki/thumb/0/00/Royal_%28tea%29.png/600px-Royal_%28tea%29.png,https://polandball.miraheze.org/wiki/United_Kingdomball,PNG,none (saved as downloaded)
images/united-statesball-image.png,united-states,United States,image,https://static.wikitide.net/polandballwiki/thumb/e/ec/Michael_nagik_-_Fourth_of_July.png/600px-Michael_nagik_-_Fourth_of_July.png,https://polandball.miraheze.org/wiki/United_Statesball,PNG,none (saved as downloaded)
images/uruguayball-image.png,uruguay,Uruguay,image,https://static.wikitide.net/polandballwiki/e/e4/M4uH0lFl.jpg,https://polandball.miraheze.org/wiki/Uruguayball,JPEG,converted JPEG -> PNG
images/us-virgin-islandsball-image.png,us-virgin-islands,U.S. Virgin Islands,image,https://static.wikitide.net/polandballwiki/a/a0/Virginislands.png,https://polandball.miraheze.org/wiki/United_States_Virgin_Islandsball,PNG,none (saved as downloaded)
images/uzbekistanball-image.png,uzbekistan,Uzbekistan,image,https://static.wikitide.net/polandballwiki/thumb/e/ea/KalGen_-_Uzbek_Archer_of_Safavid_Dynasty.png/600px-KalGen_-_Uzbek_Archer_of_Safavid_Dynasty.png,https://polandball.miraheze.org/wiki/Uzbekistanball,PNG,none (saved as downloaded)
images/vanuatuball-image.png,vanuatu,Vanuatu,image,https://static.wikitide.net/polandballwiki/thumb/5/52/Flag-map-of-vanuatu.png/599px-Flag-map-of-vanuatu.png,https://polandball.miraheze.org/wiki/Vanuatuball,PNG,none (saved as downloaded)
images/vatican-cityball-image.png,vatican-city,Vatican City,image,https://static.wikitide.net/polandballwiki/f/f1/Livony_-_Vatican_City.png,https://polandball.miraheze.org/wiki/Vatican_Cityball,PNG,none (saved as downloaded)
images/venezuelaball-image.png,venezuela,Venezuela,image,https://static.wikitide.net/polandballwiki/thumb/5/5d/Venezuela.png/600px-Venezuela.png,https://polandball.miraheze.org/wiki/Venezuelaball,PNG,none (saved as downloaded)
images/vietnamball-image.png,vietnam,Vietnam,image,https://static.wikitide.net/polandballwiki/thumb/5/5f/Littlefish101_-_Vietnam_Veteran.png/600px-Littlefish101_-_Vietnam_Veteran.png,https://polandball.miraheze.org/wiki/Vietnamball,PNG,none (saved as downloaded)
images/walesball-image.png,wales,Wales,image,https://static.wikitide.net/polandballwiki/5/5b/Kaliningrad_General_-_Watatsuki_No_Wales_-_The_Lunarian.png,https://polandball.miraheze.org/wiki/Walesball,PNG,none (saved as downloaded)
images/wallis-and-futunaball-image.png,wallis-and-futuna,Wallis & Futuna,image,https://static.wikitide.net/polandballwiki/3/3d/Wallisandfutunaaa.png,https://polandball.miraheze.org/wiki/Wallis_and_Futunaball,PNG,none (saved as downloaded)
images/western-saharaball-image.png,western-sahara,Western Sahara,image,https://static.wikitide.net/polandballwiki/5/5b/No_Data.png,https://polandball.miraheze.org/wiki/Western_Saharaball,PNG,none (saved as downloaded)
images/yemenball-image.png,yemen,Yemen,image,https://static.wikitide.net/polandballwiki/6/6e/YemenSkimpyNoodle.png,https://polandball.miraheze.org/wiki/Yemenball,PNG,none (saved as downloaded)
images/zambiaball-image.png,zambia,Zambia,image,https://static.wikitide.net/polandballwiki/8/80/ZambiaTransparent.png,https://polandball.miraheze.org/wiki/Zambiaball,PNG,none (saved as downloaded)
images/zanzibarball-image.png,zanzibar,Zanzibar,image,https://static.wikitide.net/polandballwiki/thumb/2/26/D00hD6a.png/599px-D00hD6a.png,https://polandball.miraheze.org/wiki/Zanzibarball,PNG,none (saved as downloaded)
images/zimbabweball-image.png,zimbabwe,Zimbabwe,image,https://static.wikitide.net/polandballwiki/8/83/New_Zimbabwe.png,https://polandball.miraheze.org/wiki/Zimbabweball,PNG,none (saved as downloaded)
